-- phpMyAdmin SQL Dump
-- version 5.2.1
-- https://www.phpmyadmin.net/
--
-- Host: localhost
-- Generation Time: Dec 26, 2024 at 10:24 AM
-- Server version: 10.4.32-MariaDB
-- PHP Version: 8.2.12

SET SQL_MODE = "NO_AUTO_VALUE_ON_ZERO";
START TRANSACTION;
SET time_zone = "+00:00";


/*!40101 SET @OLD_CHARACTER_SET_CLIENT=@@CHARACTER_SET_CLIENT */;
/*!40101 SET @OLD_CHARACTER_SET_RESULTS=@@CHARACTER_SET_RESULTS */;
/*!40101 SET @OLD_COLLATION_CONNECTION=@@COLLATION_CONNECTION */;
/*!40101 SET NAMES utf8mb4 */;

--
-- Database: `ccs_system`
--

-- --------------------------------------------------------

--
-- Table structure for table `account`
--

CREATE TABLE `account` (
  `id` int(11) NOT NULL,
  `user_id` int(11) NOT NULL COMMENT 'FK to user table',
  `username` varchar(100) NOT NULL,
  `password` varchar(255) NOT NULL,
  `role_id` int(11) NOT NULL COMMENT 'FK to role table',
  `status` varchar(50) DEFAULT 'active' COMMENT 'Account status',
  `created_at` timestamp NOT NULL DEFAULT current_timestamp()
) ENGINE=InnoDB DEFAULT CHARSET=utf8mb4 COLLATE=utf8mb4_general_ci;

--
-- Dumping data for table `account`
--

INSERT INTO `account` (`id`, `user_id`, `username`, `password`, `role_id`, `status`, `created_at`) VALUES
(1, 1, 'john_doe', '$2y$10$.EgyXCBNPIMlf5gSVPmBNefBq3Bqgorl2jgcWba9MbX3doKXAF8/O', 1, 'active', '2024-12-15 05:59:37'),
(2, 2, 'jane_smith', 'student2123123123', 1, 'active', '2024-12-15 05:59:37'),
(3, 3, 'alex_johnson', 'student3123123123', 1, 'active', '2024-12-15 05:59:37'),
(4, 4, 'emily_brown', 'student4123123123', 1, 'active', '2024-12-15 05:59:37'),
(5, 5, 'chris_davis', 'student5123123123', 1, 'active', '2024-12-15 05:59:37'),
(6, 6, 'olivia_miller', 'student6123123123', 1, 'active', '2024-12-15 05:59:37'),
(7, 7, 'liam_wilson', 'student7123123123', 1, 'active', '2024-12-15 05:59:37'),
(8, 8, 'sophia_moore', 'student8123123123', 1, 'active', '2024-12-15 05:59:37'),
(9, 9, 'noah_taylor', 'student9123123123', 1, 'active', '2024-12-15 05:59:37'),
(10, 10, 'ava_anderson', 'student10123123123', 1, 'active', '2024-12-15 05:59:37'),
(11, 11, 'ethan_martinez', 'student11123123123', 1, 'active', '2024-12-15 05:59:37'),
(12, 12, 'mia_hernandez', 'student12123123123', 1, 'active', '2024-12-15 05:59:37'),
(13, 13, 'jacob_lee', 'student13123123123', 1, 'active', '2024-12-15 05:59:37'),
(14, 14, 'zoe_clark', 'student14123123123', 1, 'active', '2024-12-15 05:59:37'),
(15, 15, 'luke_lewis', 'student15123123123', 1, 'active', '2024-12-15 05:59:37'),
(16, 16, 'ella_walker', 'student16123123123', 1, 'active', '2024-12-15 05:59:37'),
(17, 17, 'james_hall', 'student17123123123', 1, 'active', '2024-12-15 05:59:37'),
(18, 18, 'luna_allen', 'student18123123123', 1, 'active', '2024-12-15 05:59:37'),
(19, 19, 'logan_king', 'student19123123123', 1, 'active', '2024-12-15 05:59:37'),
(20, 20, 'riley_wright', 'student20123123123', 1, 'active', '2024-12-15 05:59:37'),
(21, 21, 'carter_hill', 'student21123123123', 1, 'active', '2024-12-15 05:59:37'),
(22, 22, 'aria_scott', 'student22123123123', 1, 'active', '2024-12-15 05:59:37'),
(23, 23, 'levi_green', 'student23123123123', 1, 'active', '2024-12-15 05:59:37'),
(24, 24, 'nora_adams', 'student24123123123', 1, 'active', '2024-12-15 05:59:37'),
(25, 25, 'daniel_baker', 'student25123123123', 1, 'active', '2024-12-15 05:59:37'),
(26, 26, 'abigail_gonzalez', 'student26123123123', 1, 'active', '2024-12-15 05:59:37'),
(27, 27, 'jackson_nelson', 'student27123123123', 1, 'active', '2024-12-15 05:59:37'),
(28, 28, 'charlotte_carter', 'student28123123123', 1, 'active', '2024-12-15 05:59:37'),
(29, 29, 'elijah_mitchell', 'student29123123123', 1, 'active', '2024-12-15 05:59:37'),
(30, 30, 'scarlett_perez', 'student30123123123', 1, 'active', '2024-12-15 05:59:37'),
(31, 31, 'michael_carter', 'staff1123123123', 2, 'active', '2024-12-21 05:59:37'),
(32, 32, 'sarah_evans', 'staff2123123123', 2, 'active', '2024-12-21 05:59:37'),
(33, 33, 'david_martin', 'staff3123123123', 2, 'active', '2024-12-21 05:59:37'),
(34, 34, 'jessica_garcia', 'staff4123123123', 2, 'active', '2024-12-21 05:59:37'),
(35, 35, 'james_roberts', 'staff5123123123', 2, 'active', '2024-12-21 05:59:37'),
(36, 36, 'emma_moore', 'staff6123123123', 2, 'active', '2024-12-21 05:59:37'),
(37, 37, 'oliver_clark', 'staff7123123123', 2, 'active', '2024-12-21 05:59:37'),
(38, 38, 'sophia_lewis', 'staff8123123123', 2, 'active', '2024-12-21 05:59:37'),
(39, 39, 'benjamin_walker', 'staff9123123123', 2, 'active', '2024-12-21 05:59:37'),
(40, 40, 'lucas_adams', '$2y$10$qUGZDXAJsmgJX7mcsxlLFuajWUKz6tCFjSx9PEWs.KBz/xUWUFdhK', 3, 'active', '2024-12-21 05:59:37'),
(41, 41, 'mia_perez', 'admin2123123123', 3, 'active', '2024-12-21 05:59:37'),
(42, 42, 'ethan_hill', 'admin3123123123', 3, 'active', '2024-12-21 05:59:37');

-- --------------------------------------------------------

--
-- Table structure for table `adviser`
--

CREATE TABLE `adviser` (
  `adviser_id` int(11) NOT NULL,
  `user_id` int(11) NOT NULL COMMENT 'FK to user table',
  `firstname` varchar(100) NOT NULL,
  `middlename` varchar(100) DEFAULT NULL,
  `lastname` varchar(100) NOT NULL,
  `department_id` int(11) NOT NULL COMMENT 'FK to department table'
) ENGINE=InnoDB DEFAULT CHARSET=utf8mb4 COLLATE=utf8mb4_general_ci;

--
-- Dumping data for table `adviser`
--

INSERT INTO `adviser` (`adviser_id`, `user_id`, `firstname`, `middlename`, `lastname`, `department_id`) VALUES
(1, 1, 'Alice', 'B.', 'Smith', 1),
(2, 2, 'Bob', 'C.', 'Johnson', 1),
(3, 3, 'Charlie', 'D.', 'Williams', 2),
(4, 4, 'David', 'E.', 'Brown', 2),
(5, 5, 'Ella', 'F.', 'Davis', 1),
(6, 6, 'Frank', 'G.', 'Miller', 2),
(7, 7, 'Grace', 'H.', 'Wilson', 1),
(8, 8, 'Hannah', 'I.', 'Moore', 2),
(9, 9, 'Isaac', 'J.', 'Taylor', 1),
(10, 10, 'Julia', 'K.', 'Anderson', 2);

-- --------------------------------------------------------

--
-- Table structure for table `audit_logs`
--

CREATE TABLE `audit_logs` (
  `id` int(11) NOT NULL,
  `user_id` int(11) NOT NULL COMMENT 'FK to user table',
  `role_id` int(11) NOT NULL COMMENT 'FK to role table',
  `action_type` varchar(50) NOT NULL COMMENT 'Action type (e.g., CREATE, UPDATE, DELETE)',
  `action_details` text NOT NULL COMMENT 'Description of action performed',
  `timestamp` timestamp NOT NULL DEFAULT current_timestamp()
) ENGINE=InnoDB DEFAULT CHARSET=utf8mb4 COLLATE=utf8mb4_general_ci;

--
-- Dumping data for table `audit_logs`
--

INSERT INTO `audit_logs` (`id`, `user_id`, `role_id`, `action_type`, `action_details`, `timestamp`) VALUES
(1, 1, 2, 'CREATE', 'Created student application ID 1', '2024-12-15 13:59:37'),
(2, 2, 2, 'UPDATE', 'Updated student application ID 2 to Approved', '2024-12-15 13:59:37'),
(3, 3, 3, 'REJECT', 'Rejected student application ID 3', '2024-12-15 13:59:37'),
(4, 4, 1, 'CREATE', 'Created student application ID 4', '2024-12-15 13:59:37'),
(5, 5, 3, 'APPROVE', 'Approved student application ID 5', '2024-12-15 13:59:37'),
(6, 6, 2, 'CREATE', 'Created student application ID 6', '2024-12-15 13:59:37'),
(7, 7, 3, 'REJECT', 'Rejected student application ID 7', '2024-12-15 13:59:37'),
(8, 8, 2, 'APPROVE', 'Approved student application ID 8', '2024-12-15 13:59:37'),
(9, 9, 2, 'UPDATE', 'Updated student application ID 9', '2024-12-15 13:59:37'),
(10, 10, 3, 'REJECT', 'Rejected student application ID 10', '2024-12-15 13:59:37');

-- --------------------------------------------------------

--
-- Table structure for table `course`
--

CREATE TABLE `course` (
  `id` int(11) NOT NULL,
  `course_name` varchar(100) NOT NULL COMMENT 'Name of the course'
) ENGINE=InnoDB DEFAULT CHARSET=utf8mb4 COLLATE=utf8mb4_general_ci;

--
-- Dumping data for table `course`
--

INSERT INTO `course` (`id`, `course_name`) VALUES
(3, 'Associate in Computer Technology (ACT)'),
(1, 'Bachelor of Computer Science (BSCS)'),
(2, 'Bachelor of Information Technology (BSIT)');

-- --------------------------------------------------------

--
-- Table structure for table `curriculum`
--

CREATE TABLE `curriculum` (
  `id` int(11) NOT NULL,
  `course_id` int(11) NOT NULL COMMENT 'FK to course table',
  `version` varchar(50) NOT NULL COMMENT 'Version identifier (e.g., 2024, Version 1)',
  `effective_year` varchar(9) NOT NULL COMMENT 'Academic year when the curriculum starts (e.g., 2024-2025)',
  `remarks` text DEFAULT NULL COMMENT 'Optional description or notes for the curriculum',
  `created_at` timestamp NOT NULL DEFAULT current_timestamp()
) ENGINE=InnoDB DEFAULT CHARSET=utf8mb4 COLLATE=utf8mb4_general_ci;

--
-- Dumping data for table `curriculum`
--

INSERT INTO `curriculum` (`id`, `course_id`, `version`, `effective_year`, `remarks`, `created_at`) VALUES
(1, 1, 'v2016', '2016-2022', 'BSCS Curriculum Version 2016', '2024-12-15 13:59:37'),
(2, 2, 'v2016', '2016-2022', 'BSIT Curriculum Version 2016', '2024-12-15 13:59:37'),
(3, 3, 'v2016', '2016-2022', 'ACT Curriculum Version 2016', '2024-12-15 13:59:37'),
(4, 1, 'v2023', '2023-2040', 'BSCS Curriculum Version 2023', '2024-12-15 13:59:37'),
(5, 2, 'v2023', '2023-2040', 'BSIT Curriculum Version 2023', '2024-12-15 13:59:37'),
(6, 3, 'v2023', '2023-2040', 'ACT Curriculum Version 2023', '2024-12-15 13:59:37');

-- --------------------------------------------------------

--
-- Table structure for table `dean_lister_application_periods`
--

CREATE TABLE `dean_lister_application_periods` (
  `id` int(11) NOT NULL,
  `start_date` datetime DEFAULT NULL,
  `end_date` datetime DEFAULT NULL,
  `status` enum('open','closed') DEFAULT 'closed',
  `year` varchar(9) NOT NULL COMMENT 'Academic year, e.g., 2024-2025',
  `semester` varchar(20) NOT NULL COMMENT 'Semester, e.g., 1st, 2nd, Summer'
) ENGINE=InnoDB DEFAULT CHARSET=utf8mb4 COLLATE=utf8mb4_general_ci;

--
-- Dumping data for table `dean_lister_application_periods`
--

INSERT INTO `dean_lister_application_periods` (`id`, `start_date`, `end_date`, `status`, `year`, `semester`) VALUES
(1, '2024-06-01 00:00:00', '2024-06-30 00:00:00', 'open', '2024-2025', '1st'),
(2, '2024-12-01 00:00:00', '2024-12-31 00:00:00', 'closed', '2024-2025', '2nd'),
(3, '2023-06-01 00:00:00', '2023-06-30 00:00:00', 'closed', '2023-2024', '1st'),
(4, '2023-12-01 00:00:00', '2023-12-31 00:00:00', 'closed', '2023-2024', '2nd'),
(5, '2022-06-01 00:00:00', '2022-06-30 00:00:00', 'closed', '2022-2023', '1st'),
(6, '2022-12-01 00:00:00', '2022-12-31 00:00:00', 'closed', '2022-2023', '2nd'),
(7, '2021-06-01 00:00:00', '2021-06-30 00:00:00', 'closed', '2021-2022', '1st'),
(8, '2021-12-01 00:00:00', '2021-12-31 00:00:00', 'closed', '2021-2022', '2nd'),
(9, '2020-06-01 00:00:00', '2020-06-30 00:00:00', 'closed', '2020-2021', '1st'),
(10, '2020-12-01 00:00:00', '2020-12-31 00:00:00', 'closed', '2020-2021', '2nd');

-- --------------------------------------------------------

--
-- Table structure for table `department`
--

CREATE TABLE `department` (
  `id` int(11) NOT NULL,
  `department_name` varchar(100) NOT NULL COMMENT 'Name of the department'
) ENGINE=InnoDB DEFAULT CHARSET=utf8mb4 COLLATE=utf8mb4_general_ci;

--
-- Dumping data for table `department`
--

INSERT INTO `department` (`id`, `department_name`) VALUES
(1, 'Department of Computer Science'),
(2, 'Department of Information Technology'),
(3, 'Department of Associate in Computer Technology');

-- --------------------------------------------------------

--
-- Table structure for table `prospectus`
--

CREATE TABLE `prospectus` (
  `id` int(11) NOT NULL,
  `curriculum_id` int(11) NOT NULL COMMENT 'FK to curriculum table',
  `subject_code` varchar(20) NOT NULL,
  `descriptive_title` varchar(255) NOT NULL,
  `prerequisite` varchar(255) DEFAULT NULL,
  `lec_units` decimal(3,1) DEFAULT NULL,
  `lab_units` decimal(3,1) DEFAULT NULL,
  `total_units` decimal(3,1) GENERATED ALWAYS AS (`lec_units` + `lab_units`) STORED,
  `year_level` int(11) NOT NULL COMMENT 'Year when the subject is taken',
  `semester` varchar(20) NOT NULL COMMENT 'Semester when the subject is taken'
) ENGINE=InnoDB DEFAULT CHARSET=utf8mb4 COLLATE=utf8mb4_general_ci;

--
-- Dumping data for table `prospectus`
--

INSERT INTO `prospectus` (`id`, `curriculum_id`, `subject_code`, `descriptive_title`, `prerequisite`, `lec_units`, `lab_units`, `year_level`, `semester`) VALUES
(1, 4, 'CC100', 'Introduction to Computing', NULL, 3.0, 0.0, 1, '1st'),
(2, 4, 'CC101', 'Computer Programming 1', NULL, 3.0, 1.0, 1, '1st'),
(3, 4, 'DS111', 'Discrete Structures 1', NULL, 3.0, 0.0, 1, '1st'),
(4, 4, 'CAS101', 'Purposive Communication', NULL, 3.0, 0.0, 1, '1st'),
(5, 4, 'MATH100', 'Mathematics in the Modern World', NULL, 3.0, 0.0, 1, '1st'),
(6, 4, 'HIST100', 'Life and Works of Rizal', NULL, 3.0, 0.0, 1, '1st'),
(7, 4, 'US101', 'Understanding the Self', NULL, 3.0, 0.0, 1, '1st'),
(8, 4, 'PATHFIT1', 'Movement Competency Training', NULL, 2.0, 0.0, 1, '1st'),
(9, 4, 'CC102', 'Computer Programming 2', 'CC101', 3.0, 1.0, 1, '2nd'),
(10, 4, 'OOP112', 'Object-Oriented Programming', 'CC101', 3.0, 0.0, 1, '2nd'),
(11, 4, 'WD114', 'Web Development 1', 'CC101', 3.0, 0.0, 1, '2nd'),
(12, 4, 'HCI116', 'Human Computer Interaction', 'CC101', 3.0, 0.0, 1, '2nd'),
(13, 4, 'DS118', 'Discrete Structures 2', 'DS111', 3.0, 0.0, 1, '2nd'),
(14, 4, 'HIST101', 'Readings in Philippine History', NULL, 3.0, 0.0, 1, '2nd'),
(15, 4, 'STS100', 'Science, Technology and Society', NULL, 3.0, 0.0, 1, '2nd'),
(16, 4, 'PATHFIT2', 'Exercise-Based Fitness Activity', 'PATHFIT1', 2.0, 0.0, 1, '2nd'),
(17, 4, 'CC103', 'Data Structures and Algorithms', 'CC102', 3.0, 0.0, 2, '1st'),
(18, 4, 'CC104', 'Information Management', 'CC102,OOP112', 3.0, 0.0, 2, '1st'),
(19, 4, 'MAD121', 'Mobile Application Development', 'CC102,OOP112', 3.0, 0.0, 2, '1st'),
(20, 4, 'WD123', 'Web Development 2', 'WD114', 3.0, 0.0, 2, '1st'),
(21, 4, 'SIPP125', 'Social Issues and Professional Practices', 'CC102', 3.0, 0.0, 2, '1st'),
(22, 4, 'NC127', 'Networks and Communications', 'CC102', 3.0, 0.0, 2, '1st'),
(23, 4, 'PATHFIT3', 'Martial Arts 1', 'PATHFIT2', 2.0, 0.0, 2, '1st'),
(24, 4, 'CC105', 'Application Development and Emerging Technologies', 'CC104', 3.0, 0.0, 2, '2nd'),
(25, 4, 'ACTINT122', 'ACT Internship', 'WD123,SIPP125', 6.0, 0.0, 2, '2nd'),
(26, 4, 'AO124', 'Architecture and Organization', 'DS111,CC103', 3.0, 0.0, 2, '2nd'),
(27, 4, 'PHILCON', 'Philippine Constitution', NULL, 3.0, 0.0, 2, '2nd'),
(28, 4, 'CW101', 'The Contemporary World', NULL, 3.0, 0.0, 2, '2nd'),
(29, 4, 'PATHFIT4', 'Martial Arts 2', 'PATHFIT3', 2.0, 0.0, 2, '2nd'),
(30, 4, 'SE131', 'Software Engineering 1', 'CC105,WD123', 3.0, 0.0, 3, '1st'),
(31, 4, 'ADS133', 'Advanced Database Systems', 'CC104', 3.0, 0.0, 3, '1st'),
(32, 4, 'ATFL135', 'Automata Theory and Formal Languages', 'AC1218,PL129', 3.0, 0.0, 3, '1st'),
(33, 4, 'OS137', 'Operating Systems', 'AO124', 3.0, 0.0, 3, '1st'),
(34, 4, 'CALC139', 'Calculus for Computer Science', 'MATH100', 3.0, 0.0, 3, '1st'),
(35, 4, 'CSE1', 'CS Elective 1', NULL, 3.0, 0.0, 3, '1st'),
(36, 4, 'CSE2', 'CS Elective 2', NULL, 3.0, 0.0, 3, '1st'),
(37, 4, 'ES130', 'Embedded Systems', 'OS137', 3.0, 0.0, 3, '2nd'),
(38, 4, 'SE132', 'Software Engineering 2', 'SE131', 3.0, 0.0, 3, '2nd'),
(39, 4, 'IAS134', 'Information Assurance and Security', 'CC104,OS137', 2.0, 0.0, 3, '2nd'),
(40, 4, 'TW136', 'Technical Writing for Computer Science', 'SE131,ADS133', 1.0, 0.0, 3, '2nd'),
(41, 4, 'CSE3', 'CS Elective 3', NULL, 3.0, 0.0, 3, '2nd'),
(42, 4, 'GEE1', 'GE Elective 1', NULL, 3.0, 0.0, 3, '2nd'),
(43, 4, 'GEE2', 'GE Elective 2', NULL, 3.0, 0.0, 3, '2nd'),
(44, 4, 'GEE3', 'GE Elective 3', NULL, 3.0, 0.0, 3, '2nd'),
(47, 4, 'CSPRAC142', 'Practicum Industry Immersion', 'THESIS141', 3.0, 0.0, 4, '2nd'),
(48, 4, 'ETHICS101', 'Ethics', NULL, 3.0, 0.0, 4, '2nd'),
(49, 1, 'NC127', 'Networks and Communications', NULL, 3.0, 0.0, 1, '1st'),
(50, 1, 'CC101', 'Computer Programming 1', NULL, 3.0, 1.0, 1, '1st'),
(51, 1, 'CAS101', 'Purposive Communication', NULL, 3.0, 0.0, 1, '1st'),
(52, 1, 'MATH100', 'Mathematics in the Modern World', NULL, 3.0, 0.0, 1, '1st'),
(53, 1, 'CC102', 'Computer Programming 2', 'CC101', 3.0, 1.0, 1, '2nd'),
(54, 1, 'WD114', 'Web Development 1', NULL, 3.0, 0.0, 1, '2nd'),
(55, 1, 'PATHFIT2', 'Exercise-Based Fitness Activity', NULL, 2.0, 0.0, 1, '2nd'),
(56, 1, 'CW101', 'The Contemporary World', NULL, 3.0, 0.0, 1, '2nd'),
(57, 1, 'CC103', 'Data Structures and Algorithms', 'CC102', 3.0, 0.0, 2, '1st'),
(58, 1, 'MAD121', 'Mobile Application Development', NULL, 3.0, 0.0, 2, '1st'),
(59, 1, 'SIPP125', 'Social Issues and Professional Practices', NULL, 3.0, 0.0, 2, '1st'),
(60, 1, 'HIST100', 'Life and Works of Rizal', NULL, 3.0, 0.0, 2, '1st'),
(61, 1, 'CC105', 'Application Development and Emerging Technologies', 'CC103', 3.0, 0.0, 2, '2nd'),
(62, 1, 'PHILCON', 'Philippine Constitution', NULL, 3.0, 0.0, 2, '2nd'),
(63, 1, 'AO124', 'Architecture and Organization', NULL, 3.0, 0.0, 2, '2nd'),
(64, 1, 'DS111', 'Discrete Structures 1', NULL, 3.0, 0.0, 2, '2nd'),
(65, 1, 'SE131', 'Software Engineering 1', 'CC103', 3.0, 0.0, 3, '1st'),
(66, 1, 'ADS133', 'Advanced Database Systems', 'CC104', 3.0, 0.0, 3, '1st'),
(67, 1, 'CALC139', 'Calculus for Computer Science', NULL, 3.0, 0.0, 3, '1st'),
(68, 1, 'CSE1', 'CS Elective 1', NULL, 3.0, 0.0, 3, '1st'),
(69, 1, 'ES130', 'Embedded Systems', 'CC105', 3.0, 0.0, 3, '2nd'),
(70, 1, 'SE132', 'Software Engineering 2', 'SE131', 3.0, 0.0, 3, '2nd'),
(71, 1, 'IAS134', 'Information Assurance and Security', NULL, 2.0, 0.0, 3, '2nd'),
(72, 1, 'TW136', 'Technical Writing for Computer Science', NULL, 1.0, 0.0, 3, '2nd'),
(73, 1, 'THESIS139', 'CS Thesis 1', NULL, 3.0, 0.0, 3, 'Summer'),
(74, 1, 'THESIS141', 'CS Thesis 2', 'THESIS139', 3.0, 0.0, 4, '1st'),
(75, 1, 'A&H100', 'Art Appreciation', NULL, 3.0, 0.0, 4, '1st'),
(76, 1, 'CSPRAC142', 'Practicum Industry Immersion', NULL, 3.0, 0.0, 4, '2nd'),
(77, 1, 'ETHICS101', 'Ethics', NULL, 3.0, 0.0, 4, '2nd'),
(78, 5, 'IT101', 'Fundamentals of IT', NULL, 3.0, 0.0, 1, '1st'),
(79, 5, 'CC101', 'Computer Programming 1', NULL, 3.0, 1.0, 1, '1st'),
(80, 5, 'CAS101', 'Purposive Communication', NULL, 3.0, 0.0, 1, '1st'),
(81, 5, 'MATH100', 'Mathematics in the Modern World', NULL, 3.0, 0.0, 1, '1st'),
(82, 5, 'HIST100', 'Life and Works of Rizal', NULL, 3.0, 0.0, 1, '1st'),
(83, 5, 'CC102', 'Computer Programming 2', 'CC101', 3.0, 1.0, 1, '2nd'),
(84, 5, 'WD114', 'Web Development 1', NULL, 3.0, 0.0, 1, '2nd'),
(85, 5, 'DS111', 'Discrete Structures 1', NULL, 3.0, 0.0, 1, '2nd'),
(86, 5, 'STS100', 'Science, Technology and Society', NULL, 3.0, 0.0, 1, '2nd'),
(87, 5, 'PATHFIT1', 'Movement Competency Training', NULL, 2.0, 0.0, 1, '2nd'),
(88, 5, 'CC103', 'Data Structures and Algorithms', 'CC102', 3.0, 0.0, 2, '1st'),
(89, 5, 'CC104', 'Information Management', NULL, 3.0, 0.0, 2, '1st'),
(90, 5, 'MAD121', 'Mobile Application Development', NULL, 3.0, 0.0, 2, '1st'),
(91, 5, 'NC127', 'Networks and Communications', NULL, 3.0, 0.0, 2, '1st'),
(92, 5, 'SIPP125', 'Social Issues and Professional Practices', NULL, 3.0, 0.0, 2, '1st'),
(93, 5, 'CC105', 'Application Development and Emerging Technologies', 'CC103', 3.0, 0.0, 2, '2nd'),
(94, 5, 'AO124', 'Architecture and Organization', NULL, 3.0, 0.0, 2, '2nd'),
(95, 5, 'PHILCON', 'Philippine Constitution', NULL, 3.0, 0.0, 2, '2nd'),
(96, 5, 'CW101', 'The Contemporary World', NULL, 3.0, 0.0, 2, '2nd'),
(97, 5, 'DS118', 'Discrete Structures 2', 'DS111', 3.0, 0.0, 2, '2nd'),
(98, 2, 'IT101', 'Fundamentals of IT', NULL, 3.0, 0.0, 1, '1st'),
(99, 2, 'CC101', 'Computer Programming 1', NULL, 3.0, 1.0, 1, '1st'),
(100, 2, 'CAS101', 'Purposive Communication', NULL, 3.0, 0.0, 1, '1st'),
(101, 2, 'MATH100', 'Mathematics in the Modern World', NULL, 3.0, 0.0, 1, '1st'),
(102, 2, 'HIST100', 'Life and Works of Rizal', NULL, 3.0, 0.0, 1, '1st'),
(103, 2, 'WD114', 'Web Development 1', NULL, 3.0, 0.0, 1, '2nd'),
(104, 2, 'CC102', 'Computer Programming 2', 'CC101', 3.0, 1.0, 1, '2nd'),
(105, 2, 'STS100', 'Science, Technology and Society', NULL, 3.0, 0.0, 1, '2nd'),
(106, 2, 'DS111', 'Discrete Structures 1', NULL, 3.0, 0.0, 1, '2nd'),
(107, 2, 'PATHFIT1', 'Movement Competency Training', NULL, 2.0, 0.0, 1, '2nd'),
(108, 2, 'CC104', 'Information Management', NULL, 3.0, 0.0, 2, '1st'),
(109, 2, 'MAD121', 'Mobile Application Development', NULL, 3.0, 0.0, 2, '1st'),
(110, 2, 'CC103', 'Data Structures and Algorithms', 'CC102', 3.0, 0.0, 2, '1st'),
(111, 2, 'NC127', 'Networks and Communications', NULL, 3.0, 0.0, 2, '1st'),
(112, 2, 'SIPP125', 'Social Issues and Professional Practices', NULL, 3.0, 0.0, 2, '1st'),
(113, 2, 'CC105', 'Application Development and Emerging Technologies', 'CC103', 3.0, 0.0, 2, '2nd'),
(114, 2, 'AO124', 'Architecture and Organization', NULL, 3.0, 0.0, 2, '2nd'),
(115, 2, 'PHILCON', 'Philippine Constitution', NULL, 3.0, 0.0, 2, '2nd'),
(116, 2, 'CW101', 'The Contemporary World', NULL, 3.0, 0.0, 2, '2nd'),
(117, 2, 'DS118', 'Discrete Structures 2', 'DS111', 3.0, 0.0, 2, '2nd'),
(118, 2, 'CC106', 'Advanced Web Development', 'WD114', 3.0, 1.0, 3, '1st'),
(119, 2, 'CSE1', 'CS Elective 1', NULL, 3.0, 0.0, 3, '1st'),
(120, 2, 'SE131', 'Software Engineering 1', 'CC103', 3.0, 0.0, 3, '1st'),
(121, 2, 'ADS133', 'Advanced Database Systems', 'CC104', 3.0, 0.0, 3, '1st'),
(122, 2, 'CALC139', 'Calculus for Computer Science', NULL, 3.0, 0.0, 3, '1st'),
(123, 2, 'SE132', 'Software Engineering 2', 'SE131', 3.0, 0.0, 3, '2nd'),
(124, 2, 'IAS134', 'Information Assurance and Security', NULL, 2.0, 0.0, 3, '2nd'),
(125, 2, 'TW136', 'Technical Writing for Computer Science', NULL, 1.0, 0.0, 3, '2nd'),
(126, 2, 'CS139', 'Introduction to Artificial Intelligence', NULL, 3.0, 0.0, 3, '2nd'),
(127, 2, 'ES130', 'Embedded Systems', NULL, 3.0, 0.0, 3, '2nd'),
(128, 6, 'CC100', 'Introduction to Computing', NULL, 3.0, 0.0, 1, '1st'),
(129, 6, 'CC101', 'Computer Programming 1', NULL, 3.0, 1.0, 1, '1st'),
(130, 6, 'DS111', 'Discrete Structures 1', NULL, 3.0, 0.0, 1, '1st'),
(131, 6, 'CAS101', 'Purposive Communication', NULL, 3.0, 0.0, 1, '1st'),
(132, 6, 'MATH100', 'Mathematics in the Modern World', NULL, 3.0, 0.0, 1, '1st'),
(133, 6, 'HIST100', 'Life and Works of Rizal', NULL, 3.0, 0.0, 1, '1st'),
(134, 6, 'US101', 'Understanding the Self', NULL, 3.0, 0.0, 1, '1st'),
(135, 6, 'PATHFIT1', 'Movement Competency Training', NULL, 2.0, 0.0, 1, '1st'),
(136, 6, 'CC102', 'Computer Programming 2', 'CC101', 3.0, 1.0, 1, '2nd'),
(137, 6, 'OOP112', 'Object-Oriented Programming', NULL, 3.0, 0.0, 1, '2nd'),
(138, 6, 'WD114', 'Web Development 1', NULL, 3.0, 0.0, 1, '2nd'),
(139, 6, 'HCI116', 'Human Computer Interaction', NULL, 3.0, 0.0, 1, '2nd'),
(140, 6, 'DS118', 'Discrete Structures 2', 'DS111', 3.0, 0.0, 1, '2nd'),
(141, 6, 'HIST101', 'Readings in Philippine History', NULL, 3.0, 0.0, 1, '2nd'),
(142, 6, 'STS100', 'Science, Technology and Society', NULL, 3.0, 0.0, 1, '2nd'),
(143, 6, 'PATHFIT2', 'Exercise-Based Fitness Activity', NULL, 2.0, 0.0, 1, '2nd'),
(144, 6, 'CC103', 'Data Structures and Algorithms', 'CC102', 3.0, 0.0, 2, '1st'),
(145, 6, 'CC104', 'Information Management', NULL, 3.0, 0.0, 2, '1st'),
(146, 6, 'MAD121', 'Mobile Application Development', NULL, 3.0, 0.0, 2, '1st'),
(147, 6, 'WD123', 'Web Development 2', NULL, 3.0, 0.0, 2, '1st'),
(148, 6, 'SIPP125', 'Social Issues and Professional Practices', NULL, 3.0, 0.0, 2, '1st'),
(149, 6, 'NC127', 'Networks and Communications', NULL, 3.0, 0.0, 2, '1st'),
(150, 6, 'PATHFIT3', 'Martial Arts 1', NULL, 2.0, 0.0, 2, '1st'),
(151, 6, 'CC105', 'Application Development and Emerging Technologies', 'CC103', 3.0, 0.0, 2, '2nd'),
(152, 6, 'ACTINT122', 'ACT Internship', NULL, 6.0, 0.0, 2, '2nd'),
(153, 6, 'AO124', 'Architecture and Organization', NULL, 3.0, 0.0, 2, '2nd'),
(154, 6, 'PHILCON', 'Philippine Constitution', NULL, 3.0, 0.0, 2, '2nd'),
(155, 6, 'CW101', 'The Contemporary World', NULL, 3.0, 0.0, 2, '2nd'),
(156, 6, 'PATHFIT4', 'Martial Arts 2', NULL, 2.0, 0.0, 2, '2nd'),
(157, 3, 'CC100', 'Introduction to Computing', NULL, 3.0, 0.0, 1, '1st'),
(158, 3, 'MATH100', 'Mathematics in the Modern World', NULL, 3.0, 0.0, 1, '1st'),
(159, 3, 'PATHFIT1', 'Movement Competency Training', NULL, 2.0, 0.0, 1, '1st'),
(160, 3, 'CAS101', 'Purposive Communication', NULL, 3.0, 0.0, 1, '1st'),
(161, 3, 'HIST100', 'Life and Works of Rizal', NULL, 3.0, 0.0, 1, '1st'),
(162, 3, 'DS111', 'Discrete Structures 1', NULL, 3.0, 0.0, 1, '2nd'),
(163, 3, 'OOP112', 'Object-Oriented Programming', NULL, 3.0, 0.0, 1, '2nd'),
(164, 3, 'WD114', 'Web Development 1', NULL, 3.0, 0.0, 1, '2nd'),
(165, 3, 'HCI116', 'Human Computer Interaction', NULL, 3.0, 0.0, 1, '2nd'),
(166, 3, 'DS118', 'Discrete Structures 2', 'DS111', 3.0, 0.0, 1, '2nd'),
(167, 3, 'CC103', 'Data Structures and Algorithms', 'CC102', 3.0, 0.0, 2, '1st'),
(168, 3, 'MAD121', 'Mobile Application Development', NULL, 3.0, 0.0, 2, '1st'),
(169, 3, 'SIPP125', 'Social Issues and Professional Practices', NULL, 3.0, 0.0, 2, '1st'),
(170, 3, 'CC104', 'Information Management', NULL, 3.0, 0.0, 2, '1st'),
(171, 3, 'NC127', 'Networks and Communications', NULL, 3.0, 0.0, 2, '1st'),
(172, 3, 'CC105', 'Application Development and Emerging Technologies', 'CC103', 3.0, 0.0, 2, '2nd'),
(173, 3, 'PATHFIT3', 'Martial Arts 1', NULL, 2.0, 0.0, 2, '2nd'),
(174, 3, 'ACTINT122', 'ACT Internship', NULL, 6.0, 0.0, 2, '2nd'),
(175, 3, 'PHILCON', 'Philippine Constitution', NULL, 3.0, 0.0, 2, '2nd'),
(176, 3, 'CW101', 'The Contemporary World', NULL, 3.0, 0.0, 2, '2nd');

-- --------------------------------------------------------

--
-- Table structure for table `rating`
--

CREATE TABLE `rating` (
  `id` int(11) NOT NULL,
  `user_id` int(11) NOT NULL COMMENT 'FK to user table',
  `subject_id` int(11) NOT NULL COMMENT 'FK to prospectus table',
  `application_id` int(11) DEFAULT NULL COMMENT 'FK to student_applications table',
  `rating` decimal(4,2) DEFAULT NULL CHECK (`rating` between 0.00 and 5.00),
  `created_at` timestamp NOT NULL DEFAULT current_timestamp()
) ENGINE=InnoDB DEFAULT CHARSET=utf8mb4 COLLATE=utf8mb4_general_ci;

--
-- Dumping data for table `rating`
--

INSERT INTO `rating` (`id`, `user_id`, `subject_id`, `application_id`, `rating`, `created_at`) VALUES
(43, 1, 1, 1, 1.00, '2024-12-26 09:24:28'),
(44, 1, 2, 1, 1.00, '2024-12-26 09:24:28'),
(45, 1, 3, 1, 1.00, '2024-12-26 09:24:28'),
(46, 1, 4, 1, 1.00, '2024-12-26 09:24:28'),
(47, 1, 5, 1, 1.00, '2024-12-26 09:24:28'),
(48, 1, 6, 1, 1.00, '2024-12-26 09:24:28'),
(49, 1, 7, 1, 1.00, '2024-12-26 09:24:28'),
(50, 1, 8, 1, 1.00, '2024-12-26 09:24:28');

-- --------------------------------------------------------

--
-- Table structure for table `role`
--

CREATE TABLE `role` (
  `id` int(11) NOT NULL,
  `name` varchar(50) NOT NULL COMMENT 'Role name (Admin, Staff, Student)'
) ENGINE=InnoDB DEFAULT CHARSET=utf8mb4 COLLATE=utf8mb4_general_ci;

--
-- Dumping data for table `role`
--

INSERT INTO `role` (`id`, `name`) VALUES
(1, 'user'),
(2, 'staff'),
(3, 'admin');

-- --------------------------------------------------------

--
-- Table structure for table `student_applications`
--

CREATE TABLE `student_applications` (
  `id` int(11) NOT NULL,
  `user_id` int(11) NOT NULL COMMENT 'FK to user table',
  `adviser_id` int(11) DEFAULT NULL COMMENT 'FK to adviser table',
  `school_year` varchar(20) NOT NULL COMMENT 'Academic year',
  `semester` varchar(20) NOT NULL COMMENT 'Semester applied for',
  `status` enum('Pending','Approved','Rejected') DEFAULT 'Pending',
  `rejection_reason` text DEFAULT NULL,
  `total_rating` decimal(4,2) DEFAULT NULL COMMENT 'Calculated GPA or equivalent',
  `created_at` timestamp NOT NULL DEFAULT current_timestamp(),
  `updated_at` timestamp NOT NULL DEFAULT current_timestamp() ON UPDATE current_timestamp(),
  `dean_lister_period_id` int(11) DEFAULT NULL COMMENT 'FK to dean_lister_application_periods',
  `image_proof` longblob DEFAULT NULL COMMENT 'Path to the uploaded proof document'
) ENGINE=InnoDB DEFAULT CHARSET=utf8mb4 COLLATE=utf8mb4_general_ci;

--
-- Dumping data for table `student_applications`
--

INSERT INTO `student_applications` (`id`, `user_id`, `adviser_id`, `school_year`, `semester`, `status`, `rejection_reason`, `total_rating`, `created_at`, `updated_at`, `dean_lister_period_id`, `image_proof`) VALUES
(1, 1, 1, '2024-2025', '1st', 'Pending', NULL, 1.00, '2024-12-26 09:24:28', '2024-12-26 09:24:28', 1, 0x89504e470d0a1a0a0000000d4948445200000556000003000802000000405cab950000000373424954080808dbe14fe00000200049444154789cecdd775813491b00f077b32184d0a44911014544514414146c082888bd9fbdf75ecf5ecfdebbf7a977f6dec58a0a624545a4280802d2a40b0804d276f7fb23881c908412c53bdedf73cff7c964767676b24976de9d9925cccc9b02420821841042082184feeb58355d01841042082184104208fd0cec9aae0042082154390606fad3a74df2f070ab5bd7203d3de3debd87fb0f1ccaccfc52d3f552ccd5b5d3c60dab592cd6b2e56beedff7abd4b67676cd57ad5c9293f375cf9e83c121613fa88608218450f5890d74f25b58092c8c25da1a00c0fe9acf8d4bd1088d52c9c8a9e9aafd67a9d7631b3b73eb34e17075590020c8a2733e88529e0bf8c9925239099c08801042e85fa459b3a6274f1cd6d3d305808080574e4e6d002033f3cbc85113c3c33f54b090b973a6efdcb51f00eefbdc3879eadc9933172492d23f903f42c00bdfe933e673b9aabb776d7170ec54c1ad9a36b19e3a757cefde3d088290a6bc78f1f2f4e90b77ef3d108bc51529a14fef1ec5ffbe7ee35665ab8d10420855104392d9ee8ef92d1bc3b7dfacef685a3338aa8eef6b82a26ba26aff592c36613950ddb8835ad926676826e58920fa723e437d4fc410004208a17f0d2d2d4d9f7bd78d8d8da47f36b5697df4ef83d2284072724a578f3ef9f9f90a0b993b67fa9c39d3cd2d6c00e0fcf9e34e6d1d4342de4d9c34232d2d5dce563c1ecfc0404f575797c753e370540040241217141466656565647c29282828772b3737978d1b561b191916a70c1c348220888b174e16a7a4a4a42e5eb2ead1a327a5b65553e37671771d3e7cb0b3735b00100804878f1cd7d2d4183264a0aaaa2a0064667eb97acdfbf2e5eb111191e5eebd64cfbfac92b100d2a8c3ac35f3867568a44be4c4bcb8b275e5defb9fa5170b5cabbe73964fefd1c65c5d98127e69edacf50fb3541af65cbd7996a7b928e2daf6859bfd5228597ba8324eb7bd2ffeeca556742543679e19edbee44905821dec86e34f9d5bd13a7c55a771c75368c5e9082184948a21c98cc1ee0233633979b8f1a90617ef57300a30e9aead8a9abca9ebe202fa90571546c6b14cc71e7fb4ca2e624bdfbe076229201b4d3b7bef77ebd0f53d071c4e2cbf6684cee0a37e5b3b73bea7881e2f6833f5620e53fe0e8c879f7dbcd43e784bd7df8ec7d3405a4ff1bee672cd6bc4a1b8f27f35893afd8e062cc898dc79a1bf1800549c573c3d5a7f67fbc9e7be945ffef71db109dbe95a751a73e4e4c9891487eecf298e02c86b5042b7fdfc63575fbc7ef2e6e5cd138b3a9b900040e8b49d7afcde1d3fbf9be757b81a93e5e6916eacd763cfa318bf05f6e54f35e039cd3e74fbd9cb98a8bf47181232522ab215701af4f8e3fcdd57affc5ff96d1f544fd1d2062c43af557fdf7df1aad45e78cd86eeb971cbefe19d7bc7a6b7d72bb37776f3c9276e3c7fe1f7f2959fefa9455ef54b1c12a1d16ef56db975460821a434a3470f2feeff03404141e1b469f302025e01808989f1e851c3149620edff17fff9db6fa3c78c9d62656579fad45feaeabc72375157576fd1a299b393a355234b3d5d1d352e976491248b54e372f57475ac1a593a3b39dadadaa8abab97dd76c3fa5525fbff0070e9e2a992fd7f00303636dab8714da90d77eed814f4e6d9be7ddb9d9ddbf2f905274e9e7573efe9ebebbf7bcf41e776ee9b36ef888f4fd4d7d79b3861ccdd3b57af5e39a3f0c0e521f4fbaddb3e5efff1ef7dbab6efb9e4aec690dd1b0798b00080d0edbaf2c4ba763917d68c1d3c6ecabacba1d93410dadd174e563b3ecab9f34c1fcbb933dba9566bd732d1299797f4eadedfab7b7faf1ee3f60455648c06db72e4d2012a9f324b5fbbc94a470821a464d95dda14f7ff7b9a5bfaf61e9a3f619e9759c399b6adbb9b594ad305e64639ae0e152c507eff1f005478555fdb8e4acbd4f3e862410290e69e1ebae9690a7f27e82fb757f796fe3675efefd57b9d4f9efcfe39cdb6ebdbdf9a949ba7ba2c076994dbffd7e068f5b11afd47c72307ba7ad7b156693440a3f825f94dc67f776cbea7734787ae2b3fb8fcb1c4431338f6333779462dedefe631cbd776f9e22e9a44d93c0000848edb8c819c7019310e00907cf63fb260d8eaebdfa32665532ab015693569d71ca3ebd35cdab8b41bb0e3a9bc6d0100802988bab56fd6a015ffd80bbbc994ada384bb47b8b9f79b1fdc69f3a24e1aa5b6a23e5d5e30b493b36bdbb63d6707daafffddadf82a4fbdedb459fa612ff215ed17218490327875eb0a0012c9f75f970307764c9b5e1405f0f2ea2a7ff352fd7f293fbfc763c74eb1b46c307ffeacb29b181b1b393adad7353020ca8eaefb862008c3ba75dbb46955af5ee9fb1ed28085b9858d74d04129c5e92625e21a525656963c9eda9b376f172e5ce6e4ec7aebd6bd3fd62e3f72785f87f6cecd9bd9787bdf7173ef3e68f048e98202543547549216cd9baa845d3df3283a2d35f6f9b1cb21a45563331600cbb4ffa4ae69fbe7cc3ffc20203838e0fed51b41d29f4f86611860689a66b1a4d711044f4b53c99738a22ff1e1e11fc2c33f844744a7f04bfece92ea7a86467aeaa56e31b02d87fd312861dbbea002a642e9082184944b6ca0936f6725fdb7b9a6d635af01aef5cc1e2527c4e6e66c6fe776abc7c03fda7494be9a676f2dd6afa3b0c088334d7fff2251f85ff8e92a8e6aa7127d1fd22e9e162469e1ee4efb3f9071fbff1f9b642716fd36857f08ff90f455fe383849fc9300d53e83ec7f50b01ca4f3ffdb73cba65be934dfec726a40e371e65a565982740030eec855372efaa596170260b282ef3d8acd9500931bfee623cbc080a7d2b8433bc9935b216236137fc727a56de71664993c2c0042d379ce68c1df7f858b64962d4a0c7e159ecca7e4a528de8ab474f750bdb5f7426c218024ebf33f2f11ca3da4bc98c0a0a8b4c2927b211b7676557f72c93f9b0141f8a55bc91d5ded55008050e169aa49af2f187e663a5f0200048b24099afe7672a83bcc9d5bf7dc967b190af68a104248391a34b0601866e0c0e1d7afdf94a63839b5193674d0b4e9f3f87c7ec3860dcadd2a3e2e5cfa5fd9feffd6adeb592c56c0cbd7376edc1e3674b0969666a90c1a1aea6cb2424be7922c92c72b7f1c8194b4c35ff23f399943c3de0380f7cd3ba9a9e9b76e5e3a7fee98bb7b67e94b75ea68b76ed5d2c3c33d313129f04d1000040787945bc89e3d5be5fcf73d1f151bf8966fe5d2b9218f20d4ccbab85a7d79faec0305c06be1d82429e8abdb9e9bbe41413e37f64d6aa7cf02e6eb9ded7f89c79f0a78fc67f7f81d7b9e49f45a0e5c7570e354475da53e648865f2dbbeb791c1ef5f5cd83fadad41c9f002693ef6d8fd672747372a99c86e38fa8f41293bf73ec92d150090918e104248d9f25b5849e7ffbbd533b7d0d4fe2b22444453f39ffbee68efa6c26201c0f2d6ed8ac602b058c5c1023978dc0afdb0a82b1a2920139d78ff01d3c5a381a54767e6816fbcf2078b49c22edec8f1eadfb1f41d66a53176e696bd43514fc3629ee326df84ebff0b5e0f006fd39f0300c1228cdaa9493354e8b28665ec35b0e57befad19d0d8503f2b9235f840e090c0d17f7fd16857579d00e91d81e23c34f0dacc9aa87e7ade8bfce1ca3b3a1915ab57dff84bbecbf6939bac350a3e5cdfb8faf81b850301ca1662685c37fd532a0d004067a4a4a9b537d62420a7eed023deedce749a72530000405a4e3c7a60524b43dee78b73c6faf10100788eb366d5bfb468436a1317e51e1542082119783c3500d8ba75fdb8f1d3a2633e01c08183872f5fbe7ee2f8a172c7e12b347850bfe0b721a7cf5c3876fc74dfbe3d9d9ddbdebbf7a064868f1f63381c8ef13f07f3972b2d3d233a3a5661b6f8b8700090dfff0780b0b0f70060dbbc597c7ca29959fdb21954d82a22a1d8ae852d0004bd2d3f0450514cd6ada5d34df7edf5095d4a03eb6bc0ae71f3fd721860e91ae8abd6739ae070f88f19bbb34c07adfee3e0a60ccf495753a3af2fea7f7d1180aa89f3a8f57b5ae5dcddf3fbdc885c255e3a51497e0797dd08fd9801c6ce4317cedeb75f3878e85f9f64df24605b8e5a3132fbcfc10fb319fb8aa4238410523e818589f41f8becdbd65553f7ba75e1333f3f3227abc7ad4be5643637915fda94c9a376fa57f4f6f9e449adfe77e8a4e27ca55171f7fd61ebd849000f1726509d15e667d51dfe57f4b73eae24fa50bf6ebb42e5ce54a363bd2f7d3c33d843f7d1fbcad7ae02749a949e02a0adaa3bbfcd6675154d03352302886c41e6bd4f17bf655691fea3022100f5e6d3768e11ee9c7a2e89261b030174faed0da303bf465b372b370fd76ec27cb39b73376683b5528e4b1e82008ebd1d7be8841e612a2eeb4e6f9b16dc754370a5d7742e776c279d75ef8f290169dfc63150318747791e66eb39cdd9b678bcc38b0d2fe956931759de9cbb2585269b54ef20104208558e9595e58debe7a74c9d0300dede772e5f395376207dc5797876397de64264641400989b97d3d98e8888e470387aba3a720ac9cec979ff3e82619476abd9d7d75f22a19c9c1cd7afdf2a9148d8ecd2bfd7144d151416383bb7c9cfcff7f37b5cad9d111a8e93978d54bd3673d0cd1868d87fc9f283eb92fa2ef0f942102c4235e6ccfa037e8934846fddd1aecfa16e9dea5cbb90c510ea0dbb4d9e36c4e2d3999d0b0e7f2aacc03e78bd0f3ed9e5c10100a1efd23613bdf3e465a6de5d39f20e0000de0607a7eb5d3f3bb07be363fb23a431002a765faf16fb4ae4261b0c5937aef0e06f77d2e97f5cd6c84a470821f42348b48a62f1ad0c8cf4b96abd2dacd6063e93a668715423874e34e2a9e789455a47760200a5ad2070cfe55662f8bc9a5a3983e12b42f2e9e143d6d5b9cc7ecf4f920a3ca787fe727bf5d87da1d2f56919e1974f0a7b9e74daad0b41b38679d50baf5a0515502d3102af5dbdaeaa24d7d5acb7be9a1100b4abe7c117e76e7fbd385f942bcdc0d52b1a3ea7e83751a5c1d05deb9d7d174fbc964c0110e9e919ba86faf971c1392cb34e7af969e97ca6541e96692b5bb366dd4e3f18079c3af5eab2f69d299c316c7f88c9e03f8f8d6f425229177f1fbeef5d057be92c33055bd19919694999beeff3191a5e3cf9a037b88126119c5dc90b303a3539bdae89110be26960d535362a4c49c96300c469114169a5b24abebcbef20c8e7569be3930bd554b0bdb9ee71f4f02e0ea68f35caf1ce18d9b742852f9cb22238410aa59344d8786be7370b0d7d4287f245f3e9f1f12f2eefb343165484b4b7ff4e871972eae4d6dacfdfc9e74edea5a2a436262929b9b8b8e4e9d0b17ae14160aaab32f42a7cb94317a0fc6edbbfd560cf071dbb6563d4f0cebbef5c189dc9cafb4f06b7cd1fa4892b49474c2465f87c5ad3f7acf3ccbc0c3db27eea6dbcddfed37b00919f760fbe24dd76365cfff83c2876b0674ddc60200869fceaf44edc4d11fe2e83e06fa2c0019bfb19c660ead8d3b38f805ad0300825461132bfd033a2df59c29283f7dc2a5ca5e29208410528c80a240b82a4902c0ba361d2fc444e4088500902b12ae7afdf47f2e9e829ff208de4aa0e32e6f589d01cf3fd1ac8a3caa57ba1640859ec75b84c9f6bdecbb64767fab470af24924ff289600008aaa70e7b265dd76535a2e2f9992c6ffbce3f5e2147e42897d14fdbfdc100069e8b5716bff8835e30f47481f7624897af682bdbc47cb8321a1c6dd3d4d5efd1d26299d878e3f3ad1f9280000bbe90cefbddca5c3f6bf9500245c98e476a1a247f00dad682b4954c04b72b2a3192724966cd6b2e1d7f8b35558988f8a7dfca860c7409783af1e0a9a0dec61f2f4e05b3100a89ab569af97e8ff368522742c6db5d3dfc5e5d1649d967d5ccd926e25d154d2e1d10e87010080e3ba3360c49bfe134ea5e115054208fd0c1f3fc68c1b3fad6fdf9e0101af7af5f21ad07fd8e1c3fb9a375730b45e96bb77ef0380b5756300888f4f2c370f4551c1c1618e0ef62d5bb6707272902ef29f9a9a161010181c1c1a1c1c2af901d73467ce5eecd2c575d2a4b19b37ef747777f9b6f21e00405e7e7e74746c7878a44d3347e9130aab8350d7d66243f1100686a228428da7463019d11f3eb35b9b1ab0e0330d401a18e933395f726861eac5f9e3f3f224c0765eb6cce6f184ce330a5dd71c5fecf574f275d98f2e62f8a9713155a91dbb819519911196f13dc0c2d6ac5b570bf2d2d2f3a48d2ef0dbd8cd638f74441fbbd9f8635b1b5d1ebde4f4fbdc42bafc74fcb54608a11f81cc2da0f5b501407a9fbfa4950eed0f85074f6d669f5a50f4ec5ef26b65a2c13f109d1a70f50200b0e43dc8b05a0a5e9ebfa9b66b909d58fe13e44479794215351e09200600961a4f559c972b50f09325cca279c6240004a73fdff66ae18236450bfd7ccc7eb72b70699ee86bc9cc82aca28882bc1000bbf9b0857d1bea666ebf3f1800a8d8a35347fcefcdde65f7776dbceacfa5d2ee6f98ed934b361f5f26cfc70a442bd88e8bceede967a2a3a7e6e9ed3bf9f146af05be4d4ba7f89479b873d9adeeef5edd76c781ebc33804957477c582378a4232aaee1b6e6c70d3d4d653f3f4f69d1a7e64f8f8d37192f03f7f3fb969e3d9c72b0841fcadc5f3fdf3018055a7f39c4dedce749a729322349a8edc7dc0c598034067bdbbbd74f1c5247cb0104208d5848282423535eec285cb16cc9fd9a74fcf3d7b0e4e9b3ab1805f306af4a4278fef4963e69572fefce5f3e72f03c0d831c30b0b052f5ebc949553281426247e5eb16251f1d0c4faf54d0d0c0cbc6fde15088415dfa3c255008af9fafa0704bc72e9d4e1ecd94bfbf71f9a39738a343d2f3fffe58be7b3dab3fbdba93100574204dbfd405c8d5168744a6040dcdce173a73c5d7b3d8a69d0774e6fe3844bcf132890445cbf1e3b66e2e231113b1fe6d41f34ab9bdacbed4fb21986ce930ee32758248b124b2494502006365b594fc725eab8cefdbd49925f5074bac4c0f1b78523f583b6dcfa7e6d419a8dfeebda5cf2cf1ebd0e7ca00000187e5aecb7e802bbce57315398111f97924703c84a470821a47cdcb864b1be3600f430b7bcd97da034f17642ccbc67becb5bb7aba7ae31f7d943d6b729d8dcb8cf952d7fd4a851c5ff3e71e28432aa5c69a44e7d1b9beca22e2723cc88fd94a1f812401c7ae946eecd99cd58efe4e67affe235bd62c2cc1ea9d73ed2167d27bbb0837686ca195d070000d91f443c63350068aad7324b909159982a9d05f0e2f38352fd7f00c8fa50549cbc10802464a75ba3d2219cace7fb4775ddfffdeff2f2146d1eb1cfab8bccb25f6f1ee8bcf91f4965532ab255fe93dda3baed96bf5909c2874b3ddb9649e5879d9ed9f3f43f92e8b413c3da48cf2c3af1e6c23e37651629f29bdbcaafc21540082154759f3ec5356bd6f4d2a5d36c76d17cb680805767ce5e3cb07f87bababa7409bdb28a7bdd651f0af8fba21500e0ecdcb657afee7f1f3d999b2b6f8a7a4242e2dab59bd6ae5d269d994f51f4c64ddbe3e313e46c52560597030400866156ac5c77e7f6952d9bffe83f6018bfa060fcb8510cc3bc7f1f31b33d39a5435124626a072e006c7a508db90092f77ba72e515b3d6df39549752037eef5cd0553fe0c91008024e2e0fc05daabe61fbcb4945b10fbecccace557934bf4a0c52fffdaeeb9f96cc06c32f9c9ae05b73295747b9d11e7d3a6dde66d9f64a04ef093df3fdc316ddd89789c68871042bf388dd0a8bc56d6c062dd8a8f59f7e6f9f2d6edc4343def59d11301c637b5db10f4223e2f170080a635423f56b6fc9aeaf697c0d2ebbefa46f76f7f49a276f71ab02342f10f1415e37d2170ca1f657ba12531199797ce315a357fe5a991fa4476d4e353d3565d495114b54e792e3071e1122cc2c1c8e5e4fbdd3b5f2fa9c3d55fd866ab802a285d3ccda43e2fba5420ccccabf81c45841042e8279b3963f28205b38bff34b7b0d1d3d53d70608793531b00d8bc79e7818387e597501c0528ee8477e9e2ba77cfb6a4a4cf7dfb0de1f34bff6496d5b74f8f3973a601c0fefd872f5eba263f73d90e7f45524a1a366cf0c60dab333232c74f98c6309090909893f3f5f57cadba9adfe70564e4330edb4a07fb8b4b96a5e2e311104208a18ac8eeda36af55d15ae95e660d1b69eb447fcdbee0d1e7655acaf6905777128a9e9ba31918a1f3f095fca2e6cc9e58a95defdaade002e0bfca6ab086898bdad6ce6742330202531f477c096e59d73938fd45a96c9ffd0aa32f150db2c72572114208fd6b1c3b7e66d8f0df8ad7ffe7f1d48afbff9f3f271f3f714661093b77ed0780e2b100172e9c68dbc6e16d70e8a449332bd2ff07806bd76fd53534000085fdff7255b6e37de6cc857af54c664c9f74f9d2e9bfff3ec9e17076ecdc5bea763b45e3f47684104235af8eef6bb19eb6c0dc1800be77f8ffb93400372ea58e5f600d54ee3f2afa723ecf88bd108615a794edff677f10c55cfd3ec91e4701208410fa3769d6ace989e387f4f5f5002020e095b4ff9f91913972d4c48888c80a163277ce74692cc0e7def59327cf9e3d77e947ace70700012f7c8d2bf0c0c2e494546767373919c68e1db17cd9efd2090853a7cd69217a2c1dff2f75e0a960737913017cee5db7b6b62ab7c00f1fa23cbbf5555831841042a852189295e3ea90676f0d2556b12d42d39a419175fc0209a53e43071124341aa061dc914bb04a2fcbc3d04cb2bf20e66a3e5362be028600104208fdcbe8e9e9ce983eb96b575743c3ba6969e9f77c1e1ed87ff84b56564dd7ab1c9d3b77dcb4718dfc2840724aea92c52b1ff93f955f54b3664d57ae5854582858b366635262fc7c576e7f3b0e005c09116df7135467394084104248b9c4fa75f2edac04e626126d0d00607fcde7c67dd608fda89259ceb435a414eac6a4513b359d262a5c3d1200045fa8ac0fa2d4e7828294d2970818024008218410420821846a8532c333104208218410420821f45fc41614e6d6741d104208218410420821f4c3b18deb35aae93a208410420821841042e887c38900082184104208218450ad8021008410420821841042a856c010004208218410420821542bb06bba02a8c6d0344dd3129a6680a1999aae0c420821841042ff550400102c8245902c368b857761514dc21040adc430124a4251929aae07420821841042ff7d0c00303443014d512449922487206aba4ea8b6c21040ad43d3b4582c927e11fd648c3402ca000003f8b58710420821541b300c00c11000d24bc15a8fa2289a16b2d92a381c00d5083ced6a1d9a96d444ff9f61986fbb2500fbff0821841042b5054100f1fd3e10831350011886a6691c908b6a0686006a179aa625929ffe75c300c3004160c71f21841042a8f6220800693000a30000128984a6e99aae05aa8d300450bb50b484f8e91d7106989fbf538410420821f40b2200188c0100100441e140005413300450bbd4c0dafff80d8f10420821844ac14b4400c0a772a19a80cb01d62e0cf3b3871b310443e0ca2f0821841042e81b822018f8252f1199ef4b56f7d2c85c651827a218164900030c435340ce4e6dfca650b36ce6aaa1715d0454136a5708c0d8d8b0998d95493da3bcdcfcc4a494e0e077120955d39592a95e3de34e1ddba8abf34aa5f3f9058f9fbcfafc39a5466a55690caefd8a1042082184fe81f8e997885bb6aef97de12a059908429f256ac5cbd3624916d449208061034021431040738047529b743feeca3513d1c4d3823a854056bb52d50a011004616bdbc4bab1e58b176f92fe2d5d03002bab066d1c5bbe0e0c898a8aade9ba54941a012db82a8d5455780400009f8118a13854202eacfc1bc855239bd9ea346ca0c553270180cf977c8acd7bff2e5b5058e96e29a1c652b5d5e234e0b1d44900a0f99428b640f82e97295470d357392100168bb57ad5bc972f836eddf6ad6651fafa3a262646a1a1114aa958b116b64de6cf9bdca449a3ccccecd4d4f4060deaababf33233b34f9fb972e6ec35a5eca2654b9b95cbe75034b37ec3eee0e0f06a9656d740efcaa5431f3f7ecacdcb2ff5928686fa9cd913bc7a8ccccacaa9e65e6469ddcab665cbe64d9b5849282a2a2a26303024344cc9ef084208218410aab594f5806835356e67176713e3baefde47bd7cf5b69aa53553e5efaef7b19e8a982f620ad574e89c1c9a4b427307100b2126582c02351ded752ab15c35e21d9f3727b9d16789aa320ea28ac68c1e3c66f4c08484e47973274e9afc7bd8bbc82a17656a6a3c73c6582d4d4d8539f3f3f93b761d4e4949abda8eb85ceebebdeb8502e198d183faf69fc0e71754ad9c9fc99243f6d0e0b652e334e4901a240b00f2293a464cbd2d14dfcc13c48a2ab1a08345434dcf6ea62d5aea5a34d054d76003003f5ffce9537e5870d6bd3b49719ff22a5e944a43358d6e86dc965a2a0d78a406094050f912f1a70241706efe9d74f127790dab8410008bc55abb66818383ddff0e9dae7e6942a1a881457d1e4f2d2020a8faa5497979b9ae5a31f7c387e891a366477d2c8a3675ead876f8b0feb3678d6f6cd570f5da1dd5295f43437dceacf13d7b763977fe0600fc7960d3b5ebf7f6ed3f969fcfaf72994e4ead23223e8e1937afdc574f1cdbd5ced9e1e6ad07552e5f160d0df5d5ab167471ef589cd2cdd315006edcf0d9b8794f61a1a0b2051204bb71dff1ee05770efa242ab3a24ac771587b73536f7d0080c0f583265ccefe59e5abf4de777d61de3af725cf454adee57f0369d3777c87829b877c92ff996ee231b16f33750080449f2397c2cb349e79d7a9bd489f837763aa39d0a76ae5e8380d1f6e1679e242606ef5f6ae18f9eff87c21841042ffa4aca5a207f6efdeb0a1d9cb57c1dd3c3b33c0bc7a155c9dd226e8a6d4d3908832403c6da766cfe9e2d438424555d5d88c6140f8399a45902c837ac24373c9ab079b1b150ee467ecfe62aa9cc3a8b026d68d9c9d5b91240900a3460e98336f4d5050d884f143972c9ee9ebf70c000203434242232afbe845d7ceedac1b5bcae95c4c9c30acf8df21a1ef4f9dbe5ab5fa3b3ab4e0a8b0bb790dbf77e754ebd6b68f1fbfac5a3900a0cae1346b6e5db1bc4c5858a4582caec25e2c39e4141d75370d55b2c429ab45b2ec49560bae4a7d36eb60764105a300160d35c74db0eed4d988457e2f4a538bd3c24eb779731d937abca347a22a18055069a8a633c15cbdb31e94288ad46293765aaacd3555ea71b38f24c889025437044092e486758beced9b4d9ab2482943d3f3f2f8be7ecfbbb8b76fdfcee1f98b37d57f72a88585e9e2dfa73f7ef272f1928d251fbcf1f8c9cbc74f5e0e1ad873c1fcc991513167cf5daf5af9ee6e1de6cd9d9493f375d4e839d2f8c23d1fffe54b679d3b7360ebb683fe8f03aa56acaeae766eaecc33203b3b474f4fa76a25cba1a3a37df2f85e535393b22ff5eeedd1b469a3d163671714142a7397bc6603c7d9675c3ae59f5ab1b2941aca0000200049444154f42a33701afd9bd9fbd31702b365a507aef4e8b292e3b0f6e6da728ebffa443fb87c29e3fe27aef48f9c3176fd1b19df71b2dae14753fe7e937d0e1ff00113f7893dcbff241424c744416e65fbff65eb59b57210420821f4536868f2fc1ebd78fce4a550286c66d3b89a218008b186c7d7ac82ae43b97d660b02ef9105b91c1b273643d30ca10a7461f82bc2d04c65d2eec29837ac8f2f23c4eaca3a8a0ab2b56d72e4d0d677efa344421100bc0808920e9d7ef0f0a9bd7db3d6ad5a90243961fcd0652bb63c7cf8b45225abaa725252d28ffc755656869221002e975bd52300d7ceed9e3d7fcd30ccb3e76fdc5c3b542704d0b9b3f3da350b2a9879e9b24d0f7d9f5576176a044cd451efaa59fef192005d35b9128035e97902459d56ae1a397a6ce3ceeec6e5beca2209d72ec614c56cd9102a10280828106aac3a63cdd4ddf5cb7f9524d4bbe8331493b9219a11947f095bad100049925b362fb3b36b3a65ea92b8b8a4ea1455525e5ebedfa30057d776eddb3b3e7bf6ba9a51807973264644442f5db6b9dc076f5ebc74b37973eba953464546c606bd0dab54c9fafa3a4b16cf74686d7be8f099b3e7ae17971f11f171e4e8d9c386f65dbb667ec0cbb75bb71dccccfcc9fdad2adaba7945c9fe7f48680441400bdba6d23fadac1a2e5d327bf98a4d3554bbeae0583a34e1253d0d2bfd3ec84affafaaa9e3ad89fd66bcf7f1a9ec36e5d5b32ae520841042e887d3d5d5e9daa563234b0b5d1d1da150d4b1439b7b3efed52cd38df385a86bc899fe3f155a24e6f298801bb9275768ec7846a7c78bd70d613a0d24cdacb86c56c1ece3ac052d3cd4bef8e42aff9e9c1c6d1c5b8684444c9af27ba9f4b8b8c4e933964bffbd76cd02a7b6f6950d01fc1c4d9b5a7979b90e1f3913008e1e3b7feeccfe4b97bcdfbd8faa5a69f77cfcabff8ecbd796c7e9aaa160ae878786eadd3c817f8182e1bc0e6df45d65f4ffbf215cbb18fbdefffcf489824916dc36753464f4ff8b6974d12fb89fc17f9255eeab550f01b0d9e4e64dcb5ad9379f3a7d6974745c95cb29574ece577fff80ce2e4ed58c02585898b66ddb6aeebcd51249f9d19466cd1a77f3ec0c00070f6c18336e5e44c4c70a96aca2a2f2f7911db1b171bf0d9d969a9a51ea559aa64f9dbef2d0f7d99245d38e1cdad67fe0c4720310bf94f6ed1d1d1c5a964cb97bf7a18a0abb380400003d7b74f9fbe8d9d8d8f84a974eead878387768acaf2acc8cf4bde31393075af6c3c739d7050080fa43a6b50200f8fce0d0f530b68cf4028e4ddf311de0438caa99a5ae2ac94f0bf37df834e9fb900452554d95a48405a272825d5a4d1c2d25e1973e092b985e0aa77eef0573a6783635e14066dcb3a31b769d0e2b9ae2c169ecb170c110575b334dc84a0e7bf6e786ddf7e2c0c463eab2b1ed5b58e86a822839f2f5e9eddff3cbde8559ef8da3a6746ea4298af6dbb67eb177a2bcfd72eaf75eba708a6b23134dc84b4e08bdb47beeb10891c5f8f357864ac742b5387c67100040f8d61eb34e971c9a53e678499d461d5c1cad4d7554a12037e9e353df6731b900a0d9d8cdcdd9da50571504b939496f1f7abffd0220275d5639e5ee57d6fbf8cf01edbc1643c6b548397fca5ffad95235ebd0d7cdd694070569e10f7dfce3e50e4531759b34b0893a0048626ffc73007f65ea29ab1cb271dff1ee54e86b306b655a47559253743e03006968dfddcdd15c4755981afe36a7c4772bc7c8dec5ddde4c578b9464a5853ff3f58fc903d2d065781f8bf89ba7fc932900d0b11f32dc2ef7ce99db31b27e3fe49eff653f5ff2f323841042ff3624c9323434484bcba028baae816e17f78ead5bb7087a1bb679cb81264dac9a376f7ccfc7ff65f5860000808420402296647ee65934d1b4ebc4d875ca3cbd9e45b281c5a207ceabd37baa341b9d190f0c2356c27280954310044529189a28915024eb67574c3e8220ec5b36ebdddbd3d3a3d3addb0f636313002021e1b3f7cdfb470e6fbb7bcfffe6cd076f8242ab3ffa5be9fa6ba9918aa6ac9004d14f5b4d6108a0576ff392e3ffcb2f8a64f5e863a63004a0d9db0814150524a1d1c750c921008220366f5ae6d0da76d69c551f3e4457ad10f9b2b2b21f3f79e9d2a96dfbf68e4f9fbeaa5a212d6c6df8fc8257af436465b06ad4a0f8df8e0e2d2a1e02d0d7d33534d41f3662869c09ff292969cb966f7d70ff6cddba7a65c304bf9a8eeddb944a59f4fb8c72b275685b851000d7b285e533ffabaf45064e5d3ddd9c22e3eec7e7be3dbdeb6d7903fe65a503005bdda21e5cba702889d2b1f51ad2cb3debf8cdf0a2492ea4a5c7c81e96690f0e5d0f2b3ded8534756861901a7a3b95aa587a292a0e33d72cf3cc3fbd6ae68d641dd759bf2fdc3e27b9ff7abf7c00638fcdfb7eb78d3bbb75d2aa48a1aeb5a787899e0ac489353539c9de474e87c5240b755b0c9bbdac38bf6c9aed7abafeefc0dca37cebc90b972f1875efde7a3f91ccfd9af49ab3cc154e2f9e79294ea4676de7aac7010088fbebb7567fc99d0850e678798dba0ff430ce7871ef7c74b69067d0d85a8b07900b3c1b174f6b78e17d213c8b52d73531d72afa9690952eab1cd9ed2ce77d2c175bddb28981bfcf395fa1aebd7bf75e1e5927ae87c999639fe47b6897af740eff3fd22b5b4f59e50070cdcdd4af791ff21619380c18223d9f298eb9bb576783d47b97ee248161070f175d76d16a9d3a0e7dfbd917bcf6bd16954169993b797879f1cf5f08cc487b7a27d4f437b7ce31171ea66876e8eec80bbf735566ff5f41bb95f3f9a2aad0ce082184d02f4a57a7cef469a3f4f4747273f36262136c9b37791d18b27ee3beacac6c0048cf78f9f849d5c79397f444a0d32a3f91b5c2b360e37d9e696361d853f2e32b96e63242d31e0ecf13b6f1e21859f0439fb0d7f52748b13f5f4b293bad3886611a5a9a77edd2e9c1c327323bccbf5847ba7e7d931ddb56eaead689f810bd7acd0e5fbfe7c52f6dddf6bf376fc27af5ecb269e3e2af5f73e7cc5b9398982ca7a89faf0557a522d9ec2a90ad59f30a0d18696eabab300fb7b9e2551b01806b2bf3fcac6208a0bb979b535bfb59735685845477e97b393233b39e3e7bdda9635b7373d3f8f8aa4c34303232884ff82c6b080000bc7a1d929fcfd7d050170a45fe959f8b527c6fbf4e1dad01fdbb130401000cc35cbc743337f77b9fef178c6995a5a555fa2c3977fe1a8bc51a3ca877c9c4faf5e58f6029171b32421fbe4d2c00c80888b61fdec0400be2ab36263c29f445920800b2c382629c7ada58aa858729bab1c96be468cd8ebcfdbe749f51567a291cbbde9e66c99726ef7914030047d79f73bd3261a0abba9f37df7a60ff76e0b778de5f7ef9009018175514698abcbc7b7dd1c68971ffbb39d0b37f3b6b153f5993f3010038107973fdb1e7c90061fff31bdeaebd8305f8c5c9dcaf9e850ee4853c7f13932c82e494c48a4e5f2973bc5a36ad2ce0e30defb7f11400e4e50616451c557534819f109f945300505010591cbb92952eab1c59fb0528f77d94dbfbcd0879f836391720fbe98bc8c65ecd2c35c3de5662c5d4aad753064952484052210064447dcc726a62a005f1b9f55a34e624fafa87a71602e43c0cb4b2f4e0010090f51ded3593fcaf05c688002037ccffb5f5c8568df50233be501901b79f990cf1701326e9d893ef2ffa272a188d02b2da4df6e7ab0a9f17841042e8d7e3e1d131ea63dcf9f57b860de9636e6eba61e3deacecaf3f6247aff91a8421a19e9150b8a2ab60d31352479f61b184fba60325a4f54c595c9e30f20db9baa71ac51712ac6081c68fa8831c77ee3e32323258f7c7c29cafb9af5fcb1cf2a0a1f1b3172990a39d736b8220dcbb0e29fb924422f1b9ffd8e7fe6300387b7a7fc70e6d2af5a4b69fb01c20af62ab56f24896c23c6abc0af5bb2b928de0556c9487eca2aa3e0aa06a1b5696b4ef5ce52e745e5e7e3d13433919929353870e9f615acf382b3bbb6a5106a976ed5a8f18de3fe2433400d8346d949494f2a3a7a6289d5054ba0ff6e54b39dd7482507c8a972111646717dd7d14165040aa57f1bc93f07373bfddc5cccbc80553032d006997868af23e54ee442203fb56a6b91f4ec597bed52f2bbd348e9189a6282e32a1e8cf2f31915f380e16460009161666107733b0cced7d4ee39ecb17f46f676ba65f3475282b8e237f1fa2bc9484cca2c3e2e70187a3a9227bbf3191de3e91bd27ecbfd234302c2232f0d90defc0b80a3c4ba0ccf19206c675202324a94c036487bf4f69d161c838c3a4a4b4c4a44f5191c9d2c5f064a4cb2c47c67e41c6fb9829bbee1241566651cf9cca4cc9050b034d80ca8600aa504fd9152a2828eaae4ba8a2f359ab8e16bb2029aba8832dccc8ce95f00000d4f50dd455eb769f30b7fbf7cd05b93c802f0090fdf6fe53cba15d6cf25e9f0e503018054076bbc9fa7cc9f9bc20841042ff26044108854200108ac4044100fca89ec807212f43c036e04988dc4c5a24e0d66fa2b5f26ac1e611445df33a63d7b30024b1a1ecc23c46931599ab96fad39f08989c9cba7ec3de26d68d5ab7b295150248494d9f307ee891c3db66cc5c2e1054fa615e4af7222068c2f8a10fef9f0b0f8f3a7fc1fbe9b3d7255f75766a3d6448ef66368d198679f6fcb5ac42caf5139603e4330ca702271b9f523ce3bba040a2cd51d025008002bee2380553400147718f8ce1cbbc0b5ec5aed8addb0fbbb8b7dfb16dc5acd92b43427fd413e3f5f5753ab4774c4dcd4848f85cb512626313b4b5b5f4f575e42cc8979e9e999e2ea7fb210f8b55d4fa2c824c4c4c9e367d29009c3ab18764ffe35df9691193ea888babd043c5aab21080f2940c7991ec0a9cbdaa0d1c6d7871fe41a5df7e59e99554ce173fc76ee18e69ede28e2cee7f2f34852fd2eb7fe4663951cfea10459d1bd5e3593b57c7f6addbbbceea35c8f3c0c84957e21454b4fce32dbf05b3432f1dfa646a696664daa0998b9da38dffe94bef73e5a4cbf91e91b1df4abf8f4a52d97a568e04e07b37be44875e921b24ebd916aafaf57500806764c4830cc5418dcab65b4db533420821a45c3ef71fcf9a31b685ad0d8b64c5447f5ab67466e09b907b3e4fa4130194856098022083051a5d54b2299e364bb71e0d200e7b0ac9d1c0cf127d7ac769d01cf4cd680e098ce455a11600b01886feb9d7f98686fac6c6753f7f96f9d0acc347cef83f0e387e74674b3b9b80974a7bc87a9525247c1e3a7c46dbb6f68e0e2db76e59eeebf76cd9f22dd297d6ae9eefe1e172f79effaedd7fbd7cf53623e34ba54afe09cb01860ac42eea8a033da18ad6f00780f7efb2db759077675a2afc5d8ec23c827779ea1d14cf1710bd93796d59853bba00000cc3fcbe78637844f4ae9d6b9a346954b542e4ab5347bb6347a7ec9c9c67cf03ab5cc8ebc090f4f4cc6143fb29b162ff557e7ea50363244916c738a41886299bad5a28006097d337293f9dcd35d02f9aae40ead7d592e4669498c9adaaa9a5a5566a588c968dbd25f5f1759929d6b2d201c4421170344b84e844a9c9791c0b6bb3a23ff52cadf544c971a900e2b8b804a1859d43a921607a96d67a597e47bd0353f822008e85a5c93fbe37ca942f8bccfd0200407ee273ef2b5b57cf1fb5fe19d8b6ff5e0711007054cb145fdef152192939120333d372471251794951ef037d6f9ef28905a306dff394932eaf1c19ed5cfefb48090148765131ea9aaaec12f975bfe737d682dcefbd654a42019bacc868a82ad4b332727372299e964e51e9a49666d1d82b7e668690676c5cee942db5c65e2ee6d9cfce7a27e876e86affcf0962e59dcff2cefff254363f420821f48bfaf22567edbadd47fe3abbf68f9d274e5dd9b8793f01c4b22533860feb5bd740b7638736e3c6fed6b64d4bc505c925edcb07f0b50815829b914a6ce8977762b5e8e92595715bd9dda716defe5ffef155b075085b24218008e06b01c04f9eebdba387fbb52b7fdd7ff0c457ee05f9c78f9ff8fc024343058bc6ff34999959b76e3d5cbd66fb84490bdddd3a346d6a05008d1b37f4f070193761c1ea35db0140ff073cefbcfaaee6162a1ca62961982b5f152fb6e47d3d9ea6149c2f14457b5f537cb735ef7a2aa3a828a098dc6b32e344550c01008048249a3b6f754c4cc2bebd7f346a6451e572caa5adade5dad929f76bdee3c7afaab3963e4dd3bbf7fc357c583f77b70ee566d0d4d0f0f272ad72f93f54c9e90fd6d696d68d1bfee355657fe724247ebe7fff1f81b45123070d1cd0b364ca0def7bc9290ad6a8ac1c616eae90636469c223c97ff4e364a51bd8b9db9be868e959ba385a4272784cf1a866d2d263e8f8711e36bc12994913477bfd94d76fcbac0328231d0044096171226bcffeed1a1b9a18eb7000401472e351aac9c069b33a5b5a347618be6c488bbcd737fcf8001079e9ca7368bf6cd37857dbfa16164d5d874d1dde5a05bea426e7e9b668d7481300f4eca6cc6c6f22bf7c5964efd776c0ec85c3dad95a189a58d8f5f6b4d4fc92f07d22405e6a729e86adab9d89860a87f36d611219c79b1b1e14070ddc7bd99b1b686a69e999db3ad91a0000e8d8b4ef6053df404b8da765686da3cf2dc8cea0e4a5cb2a475e3b97f33e5219a9996cd346163c00d06cecd040b7dcfc1d9cadd969ef238b4300d9291994818d9da9961a8fc7911f09a84a3d2b8e4a088d1199dab7302001483d7b8706450f90a512dfbecd3170f272b731d1d1d234306d60ebd6ad8339008096ad87bb71a6bfcffbd418ff7b31bc0edd9d0cbe1f4079e733c839ff65a86c7e841042e8574551f4e7e4548aa201203333ebccb9ebeb36eca6286ad1efd3dc5cdb2527a775f3747568dda23abba0190080d7059a949061a9136a01f7d981de9c09db79761d794ebd384397b37d0eab45bd65f1881c011926500700e6e70e013036aa1b1c1cbe79cb013e5f669fb38975a34d1b979024f922e0cdcfac5b45bc7f1f75fbb6eff0617d0160f8d0beb7eff885874701c0f061fdfaf4f1a8e9da95e36581c8274fc1640a9f3cc1ab42c5a3f7dfbccef47d982c276ac400e37b3f393050f1e074c1eb9cfc870ab2f1ef671406ca5c2fa35a43430502e1ccd92b0eee5f7f60dffa495316c5c5557d2e7d499a9a1aae9d9df2f20bfc1fbf50f8dc0b851e3c7cdaac99f586f58b4e9c6c74f0cf1325030a5ddc3bcc9b3b293d3df3c183a755581fe2872aeefe93243976cce031a30701c0b1e3178f1ebb50fd369165dd865d4d9a34aa5fbf9ef44f1e4f8dc7532b7ef5e3c7d8cd5b0e287b9f8901fed1bd5c7a4eb6677f7bf89f9c74093fe64396a5db08172d496ec25bef87f29737e759b76a4c7eba1d5e7a0c8cac740000c8bebbed40bbedd3769e1ba05af4503d71e0b655eb39b3a7acd93b4e1332235f6f5db2e59e74fe7f8acfa219b070c190658786ea437e7298dfeee762103ddfbac17bf3828db7078af23253032fdf0bb576955bbeaceacbdc6f9e88633b6c4eef99ba9a909f1cf97add922381c52100d1eb3ff73edb3c73eded819ce28702ca3cde82e8db97a0838ba3e76fceea5090951afb341e00809290464e2eb66e5a5c107ecdf874cf3b40baf29fac7459e5c86ee7f2dfc7dcd0674fcdbb7a8c1b4fe566c68425a4589a95cc9f61ee36c4450b723fbfbded53e2a10fa2287f7f8b5e2efdc6b562179d279a0ec3477634287ab9f7cc690090fef4cce9c09c4ad6535639b2865451f10fef047477eb37a91508f392e212b20c8a6ec067045ebb48b97476f21aa1a50afcdc8cd44f41d9401ad87777d149f2391f9e0b00a2f887bee1a37b76774938e59b2cfbe35db9f3bff2f9114208a17f93ececdc73e7bd7574b4dfbffff8f8c94ba150686bdb24f04d68d54b2408008815a9c58bb80dd504e23a6c5e4c50e1b4e605cbaf30d9a9ac4dc3d40a52453c92c3a282051ab90c1b18066a6eb6afaaaa6abfbe9ead5bb5080d8bb87aed6ef143ca060feaa9a7a7db6fc0849c9c5f71f49fafdfb3952be600809353eb0d9bf67a7ab84c9a34dcb49e71c38666960d2db6ef38f421b2a20f9bfb09cb0116327038bb800de0a6c92d7bab49c230be7ce1e1ec024105d6ad13145227fefe48b2884eaec6649947fa5114edef9772e268b450a0b8a3c714d25fff4e64b1089eab1e51f6e98014c3f7cbcc3e9ac4c82e8ab0b37751b81bf93435340e1ed8a0a7a7337ee2c2e46499e30d2a484343ddddad7d61a1c0d7efb99c95fc2b6bd8d03e53a78c128b25efc3233f7c88b5b030b56dde444747dbff71c0ca55dbabb05486b191e1b5ab47dcbb0e917ede7af6e8327850cf5163e600c0a9137bce9cbb7afbb61f00686a683cb87fb64fbf71957d28e0e851835ad937dbb6fd7febd72dd2d3d3fd63fd6e0058b16cf6972f59cb966f5e307f72d0dbf7c74f5cac6cb5854205b7013534d457af5ad0c5bd63a9f4cb576e6ddd76402050bc66f90fc3b1e93ba643eecd43be157c58885e875103ccc32f9c0ecca958fa7f554d1dafacfd56f67dfcd1fe2de74365dbed576b67841042e8871839bcbf9959bd070f9f7a7a74bae7e3fff295cc75f2b76c5df3fbc255f24b23188621080ff5acdd66d140839866a90869a1b6264b2254291089392c15365d40b146c7377927500780ea87005455d51467fa66fcb8218e8e2da74c5d0c00e3c6fed6a3bbdbd367810e0e2d8283df6dddf63f699ed5abe64b24e275ebf754aa1ae3c70d71eddc6ec7aec3b2321cdcbfa1f8df870e9ffeebef73952abf989a1af7dad5bfd3d3320c0df5fb0d98686e6e3a79d270a7b6ada48f543b73f65a4a4a7a058bf2f470f9d1cb014a35e4b07b6872edb96c4b0e5b836401403e45c788244185e25b79824fe24adc9db568a0e9d1cdb485bd8e45034d0d0d1500c8cf17c7c5e6850467f9dcf91c1f5789e5ae551af034bad5e5da6ba934506369b00180ce9788630b04c1b9f97732c471f2eefc2821040000dada9afffb73f3f9f337ae5ebb5bcda21a35326f64d9e0a1ef33a5df96373636f4ead6d9debe1949b201202e2ef1e6cd07e1111fab569a8a8acafd7ba7d5d4147f68939292870e9f292ab3debe7c9d5d9c972f9fa5cae13c7ef26af396fdd2470c6a69692c5e34bd638736229178d5eaeda556d4ac088521002987d6767676cd6c6c1a8b44a20f1fa25f078684874756765f52ca0b8f56b24bc3ab6f6faf9512f83e5558b1f4ffaa9a3a5e99fbfdc5baa6ff9af3014300082184fe53947589a8a6c67573753636320c7bf7414eff1f2a160228ae597bded7154671e66a425a42b0240c43004112c06642f3d557a55a7c10aa2beb002a15027074b0dbb17dd5bb7791006063d368f39603b7eff839b4b6dbb37b4d4848d102edd6d60d76edfefb86b74fa5aa6167d774db96155a5a8a1f389f9b9b376ffe9ab07755ec1a0040e3c60d1d1dec02df844646c648530efdb925e86dd89fff3b59e5327f342e41d871d9961cb63a8b00003ecd448ba85081b822f7ff4b17c56537b7d5b668a8c553670340015ff22926efddbbec8adcff2f85e0925c5b0d9586ea843a09000c9f12c71408dee5c9b9ff5fb4a1524200b5938e8e76030b3385d9debd8fac6cff5faab38b33c122fcfc9e974a7777eb20140aabd0ff870a870094a8c64200e81785ef63d56008002184d07fcacf1f445fd110c0b7b1009a8464b641d2903ae92401404021c53af4c5f84896b10458d20c4aa955a5420024497671ef606a6a4c10044551172edee4f30b54545486fcd65b5595030004412427a7fa3d7a5150f06f5a00c8a1b55d4a4afae76499f36391726108a076110a053f79ed528661fe15cf444408218410423fcd2f7e8958fcb4bf4ebc9c5546715f29f6ca548b77420df8162050d27e085555ae928a42a8a2300450bb88c42286fe51ab09968b0120a4ff83104208218410000030c010b5fefa9060911c950a3c2b1a21a5aafa4301d1bf11eba77fd312259e6e80104208218410c360ff1fa026aecc11020c01d4362c52e5274f0400e952a918064008218410420000ca1b47ff2fc722abf5807684aa064300b50b8b204852e5a7ef561ae765300e8010420821546b314cf15d218c010049b25904f6c5500dc0d3aed62149764d8cbc22a481000600181c148010420821546b304cd1205442fa1400ecff034110240e014035044300b50e41101c8e2a499235b06be9573e013ffb21300821841042a8a61045b79ff0fa4f8a24d91c15d55ff98108e8bf0d834fb51241b0d91c168ba668094333c0d078531e2184104208a11f84000082c562112c169bc5c2bbb0a8266108a0f662b1582c163e8604218410420821846a0b0c41218410420821841042b50286001042082184104208a15a014300082184104208218450ad8021008410420821841042a856c010004208218410420821542b6008002184104208218410aa153004801042082184104208d50a18024008218410420821846a050c01208410420821841042b50286001042082184104208a15a815dc17cce4e2dad1b372cfeb3a05070eb961fbfa0f0c7d4ea3fa2b6355a6d3bde726123c8818d03d8084a55db1af3bf7abcffd5e3420821847e4d150a016869aad194203a3a1a000802008061a05e3dfde4942c608afe046018860100004624924828c90faaf1bf456d6bb4da76bce5c24690031b07b01194aab635e67ff578ffabc785104208fdb22a1402a028497db386ba3afa400041100c030441d8300c4100c330144549c4620925a1694a22915012495656f68b8060a148f4a36bff2bfb698d76ece8cef3e7afdfb9fbe8071c4425d4f84922a71d783c35bf87177af71d9b9696a9acdd95abc61ba19aa64f1b5dd7406fd59a1d3fa2f07f7be32805368212fd6a8d396860cfe1c3fa696b6bdef0bebf73d761a597aff4e39d35739ca6a6fafa0d7bcb7db5f81bb56953ab8deb17aba9713332be8c1835ebd73f2ea5f869bf1ad5d7a1bde3dcb913070c9c54d315410821f4af51b151005a75b4b575d86c360000414883f1044130344d31943491200869c01e08505757ab5bb74e62527ad9a24c4c8ce6cc1adfb2a50d9b4dc6c6261ef8f37850d03be94b53268f3036aa5bcdee074992cf9f5e1b30685252524a75caa93e2536da9a55f34836b97cc5d6727774ead495a88fb115acd5a13fb7dcbafde0fa0d9fca1f90024a3c5e168b183d6a709fde5df5f4741313938f1dbfe073ffb1c20a54aa1d7e106535c2c81103faf6f118326c86582c0600234383f3e70e2c59bae9f98b3755a8d58f7bd32b4589670800b8bbb51f3be6377373d3dcbcfc5bb71e1e3878fc271d46f528ab11f4f5746edd3c0100344da7a7673e78f8ece09f272492da756b54598db963dbaaf6ed1d4a259e387969ff81ca9d54172fddbc78e9e6b2a533ab74348a29f7130400fe8f5fb0d92a0af71b11f1b16ffff15edd3a0f1fd65f2907528a128feb91ef4535352e0064677f7df5eaed8e5d87737272ab562b9148bc6dfbff7273f3abb629171c2f0000200049444154b9b2d836b73e72785bc9944e2e033026881042a89a2a1402e072b900c04807e9310c41100cc3300c43330c45511445d13445d314cdd0344dd114455192a2217b656cdfbae26df0bbc143a652146d6bdb048050e2c1fc5294d868f23d78f844c955af12251eef8ce963bbb8775cbd76c7870fd11616f59b585b56a402bf423b28ab11ce9ebbdeddcb6de8903e274e5e02801933c63c7ff1a66afdff5f8712cf101717a7552be76ede72c0fff1cb3a75b4dab6b1ffa947520dcafd5a183f617ed4c74f56560db66c5e5e5050f0d7dfe77ede91fc0294d598bf2f5e4fb25800b06debf2f884cf7bf71e05000945fddca3514ce9bf292121113fa9ea7229f7b856aedefee0c1137d7d9d552be6ce9b3b69e5aa6d32b3ca2591482e5eba59b56d95e8ddfba84e2e036c6d9beedfb7cea3db3041a110fbff082184aaafa2cb0132dfa7e415cfcca3294a42d374d18f34455312092dfd1743330c5db6106d6dcd860dcd962cdd280dcc3f7f1e284df7ead679c284615a9a1a6c36fbf2a54300b061e3be376f420160febc491d3bb4d5d6d64c4bcb3873f6fa0defa23b994d9b5a1dfa73f3ea35db274e18c6e3f1a2a3e3e62d5873f4afed5ada9a00b07fef3a0945c544c7ffbe783d00100431a07f8fc1837aeae9d5898c8cd9b8797f6262b2b49c1ddb5645c7c4d5ab67d8cca6b10a87b372d5b6376f429b58375a307fb2b9793d9a66de04852d5db6a96a8dab94469363c6f431aeaeedea1ae86fd8b8a7e400f872ebbf60fe6467e7d606067a666626a3460d0480e123660904028220a64d1dd5ddcb4d55959395f575fbce432f5f06d5e0f16a6b6b0e1ed473ed1fbb8282c200203c3c2a3c3c0abe8deff86dc8d4b8f8240038b87fa3afdf33e9259aac761831bcdfe041bd55b9aa274e5c2c4e94753228ab1d94d208128964ebb683dbb6aeb87dc7b7bea9713b6787a1c3a74b5fb26ad460c182298d2ccdb3b3bf9e387959fa8990d538b2def4299347989a1a4bc795b46a65bb71c312cf6ec3a4e5f3d479bb76aeb66b6113fb2971e3c6bdd1317100c0e3a94d9d32b2532727550ee7f9f3c0ed3b0ff1f90535d538003061dcd01bdef76fddf60580fc7c7ef1901f595f1700f0c8f7e28e9d877bf7eaaaafaf0b00c347cee2f3f90eadeda64d1d696e6e9a9efe65efbebfa54116395f172386f773746cf9fe7d94a7a78b1a57edfc85ebc74f5caaa94600008a664422f1fbf7512f03826c6d9b48134d4c8ce6cd9d68dbbc894020b87ce5cec95397a5b755657dadb9bb779834619881816e5c5cd2cedd47c2c23e00809c33445623b46ddb6ad2c4e116e6f50a0b05e7ce5f3f75faaa9cca787a769e387ea88e8e764181e0c245ef93a72e57b61995d898926fc3276886a128ba6417abdc8f9b9cf472fd6adfb100e0dab9dd8c1963b4b534fd1e3d2f3911a04d1bfb797326181a1adcbfff581a1691afdc4f500d1e170030344d51545a5ae693a7affaf7f302b9bf1db23e1407f76f3434d2ab67625c7222c094c923acac1a7efd9ad7b44923168b58b97a7b64640cc8fec6d0d2d25cb674664bbb662c16919098b264e986f4f42f72762aa36518a14824918801402c96149f9c5c2e77c1fc499d3ab6e5f30beef9f817e797f55dddbb97c7d0217d0c0df57373f31ef9071c38785c241257b632082184fe332a1a022000886f717a860186a6299aa2699aa62986a1199a9250129aa1295ac2d0344d514c7951fadcdcfc8484cfb3678f3f7beec6bb771f0abeadf77be7eea33b771f953b11203dfdcb8c99cb3f27a736b3b13a70606342425270487851d5d964870e6d478f992b14892ccc4d0160ecf8f9d21ffbe93397979c08d0a7b7e7e85103e7cd5f13fb2961d8d0be5b372f1b3662264d175d43f4e9e3b968d1ba6521e1eaea3c1e4f0d00e6cf9b14f82664e2e4df392a2a2ded9b57ae4595dd6872ecdb7f6cdffe63c78eee2c955e6efdb76dff1f943726dcd1b165ef5e1e2346cdcac8f8625acf98a3aa785ce80f3ddea64dac54545402df84567cbfe5b68353db56e3c60e99367dd9a7b8c4552be614a7cb3a1994d50eca7ad383debef37ffc72e6f4310d1b9a1ff9ebacf43294c351d9b675f90deffbd3672c6bdac472dfde7589899fdf06bf975519596fba1c1dda3bce99b766c1c27513270cdbb861f16f43a7d134bd78d1743dbd3a63c6ce150a45ab56ce9d3573ecc64dfb6baa71783c352bab067f1f3d5ff625395f1700d0bfbfd7a2c5ebd3d2328d8d0dc562518306663b76ac5cb36687dfa3172d5bda6cdbb262c4a8d9c9c9a9f2bf2eec5b367bf9f2ed808193582ca25e3de39a6a84927475ebb468d1d4df3f000054399c7d7bd7faf9052c5db6494f4f67df9e3fd2d232a43d8472bf162c2dcdd7ac9a3777fedaa0a0b07e7dbdb66f5dd17fe0a4fc7cbefc3d966d041b9bc65bb72c5bbd7abbffe3975a5a1aad5bb59053192e97bb72f9ec790bfe78f932485b5bb38145fd2a34e30f6acc92647ddc2afb31fcd5be6301c0efd173bf47cfa56b0114276a6b6b6edab078e7ae2377eefa0d1ad8a34f1f4ff99591f509aac1e32aa6cae1b46d6b1f1915233f9bacdffaa9d39748d7022895dfa1b5edf011b3923ea74c993c72fad451b3e6ac02d9bf29c386f65557e7f5ee3b4e2c1637b3b1120a45f2775a29e3c6fe66ddd8f2b7a1d35454d8fbf7ae2f4e97f55d4dd1d4ba0dbb2323637574b4f7ee5e9b9b9b27fd0a55d6d50e4208a17f17c5617e0060008000463a6a9f01008666a4a1768aa6699aa22414c53045bfd7144d51345dee2f34c33053a72d4948485eb4708acfddd35b372f37323490bfeb93a72e277d4e6118e6ddfba8f7efa29a3469f4bdea2cd6a1c3a7a4417169745f9601fdbd4e9fb9f231fa134551a7cf5ca95b57bf51238be2579f3d7d25ed27f0f90519195f00806698ba750d0c0d0d842251d56fd780721aad0a2a557f86a65554d80d1a98a97238499f53626313aab653651daf86863a00e4e47c058019d3c7dcbe79f2f6cd93ac0adc8f2aa57367a7274f5e7e888c160a85478f7fbf9293753228a51d94fba6efddf777fbf68e048b387fc15b9ad2bcb9b58e8ef6f11397241249d8bbc8274f5fb9b9b5af423de5080dfbf0f265904422397ee262fdfa268d1a596868a87b7ab8ecdafd5776f6d78282c263c72f7671ef58859295d538eaea3c8220be7e2d678aaf9caf0b00b878e9a63492929292261289fbf6f10c7811f4d0f7194dd34141ef8283c33b756c038abe2ebe7cc93ef37ff6ee3c2eaaeafd03f87366066606811976500c7143dc70294d53494c4b2d2d2d2b492d4d5a5cfaa5f8ad14addc2ab716a5c5ad722d4d2a4d2d2dca16b752a3dc3581d0000119f659eff9fd716786611f1098413eef97afe3c33377ee3d73957be79c7beeb9dbbf222241e0d6d1018dbf1344efbcfdfab7fbb6ecf9fae343878eae5dbf8d88faded9b3450bf7f8f73fd1eb0de9e9d7bffcea5beb3f56a58785a8c177fd9974f6f7dfff34994cbb12f61a8ca63b6e8fa8f15354dc090f8ebe3731f170e28f874d26536e6e9e78574e5595618c4c82d026a495a7a7475e5e816d378d0377664555fdbad5f6d7d0d98eb155e9dba7675151c99e6f0e1a8dc6cf77ecd6e41554bf7c55bf418efd5c2ffdeff97ddf6c4efce1735f1fef556fd73029636dcff5a7fe3c73f55a3a119d3c75ba4d9bdbc46495e714ce3d3c5adc765b4b22fef7e90b7996fd592f5f30ee8eecf7c5aebdb9b979d7afe7ec4ad82726ab3956efddfbc39933178d46635656cef73ffc1adea9433d560600009a1cbb460188f3f030f1713dc4051337dfa027980493c968349a4c8260329a4c26818b77ed55d9499f9d93fbf63bebde7e675d4080ef9cd8e7e2e25e983e23ae9a4d3f38fabe07470f53ab3d8998b7b7eac8d1d271862693292323cb9efa0706fa8d7ffca1310f8d107fd4e9f4de5e6aebabe219ddd6a2c5ef4c99fcf8fab5cb8828e1cbfd955e6fac513deeb4daaa55fd7fff23e9830f37c73c3dbe43873667cf5e7e73d99ad4d46b75d8687d7ddeacec6c22f2f4f4d068f23ffe64e7c953a7df5ef9aa65b5b5e0e3ed9dfaafb963e8faf5d2299dabfacf502ffba17effd16fdcd09cbff0cfc58b574c96db927d7dbc7335f9d659df7272347e7e3eb5ad64f572b26f8841717149717189b7979a0b9c88962e7e49aca944c28c26c1cd4d595ccba776d7d7cec9c9c935994c9e9e1e155faae6704144d7ca4e111a18e8d7a347e71d9f7d28fea8542ace5fb84c351d2eaefd9759ab4f5d4efdfe0f79f5d5152929690f3e78df80bbee58b7613b110505fa2b95f2cfb6bd2f2ee0ea2abb66b92a5be961c1c7479d9565fe17e79cdfc8c9f5f1f1aef15354dc0941817e497f95bfb1bcaaca94946863e72c7efcd1513153a3af5fcff9e0c34d3fff72acc68d56d4d0c7d8aa7edd6afb6be86cc7d8aa787babb3b2cc874a41e0d9d939d52f5fd56f506dd5efe75a13ffe92fbf1cf5f0f4881effe0cae5f3a74c9d53cda66b7baeb70e90311a8d72855c8cab3a626cd99ae0eae2b278e11c3f3f9f9f7f39be6cf9fbe231b35ebe60f8f8a8c52b164464bd552128d09faa3856f7ead575f2938fb66a15c898a4450be599b317ebb6070000e0d660e78d00cc3c6f1f3777cf73717a1e7347bd49301939e72641eca0379904538db7b56766667ff5d5b7f3e7bf68cd08022fd7d2ebd5abebb4e7273e3f7ddea54bc944f4e1076fdabe6e32557229c03a99b06d3223236bcbd604dbfbe56c992a4cfb74f56afaeb0b571151444478fcea25870f9fa8d3379bfadf6976aaa6fe0217a842735a9cc8dacd4d39f795e933a64f8e9db3a84e9bad9fcf9b9c7c55abd5f6ecd1f5c79f0e17151515e45bae9c0882d16834cf1a4de4eeee567d6db2736e585b892a95a7355fcd7f86fad80f0dfb8f9e9d73c34bed2993c9c4e6878f8f3a27e706d5b4732afea3eb7486aa16f6f135b700dddc946e6eca9c9cdc8ccc2c227a6edadc6c4bef405dd5cfce1104e1e2c52bbd7a75fbe9d011db7cf5870baaf09b9e9191f5e34f872bded150dbc3452dd5e7ff90bcfc828cccac0f3fda7cc71d3d263c3166ddfa6de919d73333b2c63df66cc5852b3d2ce4e46822223a9b6bc698b78f97f83faa9aff2195ee84f48cace0e09615925556e6f8f153c78f9f9248248f8e7be0d5052fde33ecf13a75803ae6d7adaabcc860304aa5e5472d39d531b62a39391a95aab4674d6d73d8242283c1546e345655bf41b5579f9faba8a8283b27373b2777c3c6cfbf4a581f12129c929256d5e1b15ecef5551d318a8a8a57c77fbc3afee3c000bf77df5df8e0e87bc5b133f5b2d1ec9c5c4f55f9135c55c76ab95cfeceaad796beb9e6c0814382c063a64677e9d2517ca99ebeed0000401363e7f86a4ec4cd93f49a4ce62979cc2763a360327132994c46f3d03d93a99a4efaffc53edbb1635bb95c1e14e43f76ec88b3672f585fcacaba111a7a9b8b4be97d929e1e1e4545c529295789a86b978e5d2d27ad6a0882909d931bd6b1cc1cf25f7ef5ede4a71e6dd72e8488542a8ffb47de23954aab59c9bdc322bdbc5444545cac25a2c2a21aee8cad42bded3422923089dcd5d5faa7faabe2d5d43f2b2b27ac635bdb853b766cdbbd7bb8542a35188c46a35058589769deeaf1f3e6e7177cf6f99e99339eeade3d5c2e97878498ef13e69ca7a65eebde3d9c88c2c2dad98ecdae5462e26f77f5bf5dadf624a2076d6e6aadea3f433ded87fafc47afe8cce98b1a4dc1c40963a55269b7ae610307f4f9f1a7c354d3cea9f88f9e9a9ad629ac9d5c2e9748d8f0fb06dbbed4bd5ba73e7d7aca64b249131f494dbdfacf95948282c283dfff3c7b568c8f8f9a31d6b26560dd6e04a8c79db36ec3b607470f1b7edfdd2d5ab468d932f0a1078753ed0f177bf61cbc67c8c0fefd6f974aa572b9bc7fbfdead5bb7a4da1f2e1cb5136cad5fbf6dfce30f7a79a98e1dfb5326933e39e911b95c2e954ac33bb5efddbbbbb84ca587851f7f3cdc23a2f31d77f4904aa563c78c74759189d37054f33fa4525feffe6e48d45d83efee2f954a552a8fa8c1fd89a8aacaa8541e7747f65328148220e80dc6a2a292ba0e8072ccaf5b55795172725ab76e9de4aeaed68cb31d63ab72ecf8292f2f55444438110db8eb0e5fdf32e3419253fe0d0e0e0c0cf4b766aafa0d72ece7621289f89f70e488289d4e77fd7a4e3587c77a39d75775c4e87767efd6ad5b32c6b43a1d716efd77afd5461963725757f1d98d2e2e32ebffabc4c4dfeebbf76e8944e2e2e23272449498acea58ad50b8bababa9e3d7b4910b89797eade6183ea770f0000409363d728004e24ce86257041b0ccd32376d10b8220f6ce8bb7ec0996ce7bebec59e5b8b8ba2c7b739eafaf577e7ed189937fbdfbde06eb4b07bfff79f0dd77eefe6aa3d1685ab8e8eddfff48faf99763fdfaf5dab2e9ddebd7b3af5ecbf8abc240d34aad59b371c6f427ffef8529972e25bf38fb7522faf2ab6f2512e9d2c52ff9fbfb161515ff71e2ef7dfb13ab59439f3e3d5e98f9b442e1929b9bb77cc58757af96bf53c01ef5b8d38868c8900143860cb0fef8ccb32fa5675cffe883b788c8d7d7ebff5e98fa4ccc84e3c74f2d7d734df5f5dfb235617edc0b7bbfd9249884471e7d56abd5babbbbbdf8c2d456ad020d06e3dfa7cfbff9561d2fe9d4e3e7fd68ed1683c1b068e11c2f2fd5bfff5e5bbce43df1aae3dbefac7bf9e569f7dd3bf8c2c5cba74f9b3b8f02027c2bdd0fbfff91b4656bc207f16f141414fd7dfabc75e555fd67a897fd50bfffe815e9f4fa392f2d9efde2334f443f949b9bf7f63b1b4e9e3c2dbe54e9ce1155fc473ff4f3b1c183efdabe6df5bffffe979474ae57afeed6857ffdedf7c71f1bb5eccdb997ff497d79ee9b82c089e88d37e363a6466f58b752a5f2c8cebeb17bcf41c7ee9cdf7efb63c9d2d513273e3c6feeccfcfca2bdfbbe27a2da1e2e2eff93f2f22b6f3c13f3c4c2d7660b8270f6dc2571f6c4da1e2e1cb5136c1d397a222525edc949e3de7e67dd8c990b66ce98fc55c27ab9dc2535f5dafa8ddbc5652a3d2c5cfe2765e1a27762673fe3e7ebfdefbfd7e6fc6f714141211155f33fa45267ce5c7ce9e525539f1e1f376fa656abdbfef9d744a4d3e92aad8c78f13f6ede4cce795ada7ff35f5de6543bd3aaaa5fb76a7e0d89e89bbddff7e9d3e3dbfd5b1863f78f7ab2b0b0c8098fb16b3f5ce6efefe3e9d98231c91db7f7282a2e8e7e62467e7ec14b2fbf31fbc567f406e37fd7d2cbcdb0f3cf3fa9dbb67fb5f9d3775c5c5ce2e62ffbf5b7dfabfa0d72e0e722a285afcd5ef8daecc2c2a27ffef977f69cc545454554f5e1b1d25f8a215177cd983e59ec665ff7d1724110366cfc6ccf37551ef4aa3a62040707cd99f38c5aa52a29d1fe90f8dbde7d3f54b3d1aa74edd271fd3af3730d0f7cbb8d8806458ed5e9f59f7cba337676cce64def1615965c494ef5f631dfac54e9b13a2faf60f98a0f972f8bcbc9be51505874f4d849eb989d7af9b60300004d0e8be81959e342ad5b070d1ad04f2e57702e184d4693c964321a0d0683c04d26a3d164329a4c26a3c9682e4cc6e2e2e27fd3326fe4d6f95ac7ada0b9edb4e6f6792b859d500dec1cc24ea857cd6d67deaa9ff756fd5c0000004ecbae5100d7ae655cbd7655e5e929986fc7b34cce631247eb194d2693d168e45c301a8d46a3a1a0b028575368f75d06b7a6e6b6d39adbe7ad14764235b073083ba15e35b79d79ab7ede5bf573010000382dbb460170ce8d46bdab8b0b991fdb2bde86c7c480738131c6b939202283517071a9e17ef55b5e73db69cdedf3560a3ba11ad839849d50af9adbcebc553fefadfab90000009c965d5d0022fb2716c2b9d9aab9edb4e6f6792b859d500dec1cc24ea857cd6d67deaa9ff756fd5c0000004ec8ce870212e1bc5b27cd6da735b7cf5b29ec846a60e7107642bd6a6e3bf356fdbcb7eae70200007042b89b0e000000000000a05940170000000000000040b3802e000000000000008066015d0000000000000000cd02ba00000000000000009a05740100000000000000340be802000000000000006816d00500000000000000d02ca00b00000000000000a05940170000000000000040b320d3e98a1d5d07000000000000006870ccfd4e0f47d701000000000000a0b908ceef2497bb3964d3b81100000000000000a05940170000000000000040b3202122c61811638c21468c183162c4881123468c183162c4881b347620a96bb0dcb13500000000000000683e3c75be32998b43362d33774654c039218f3cf2c8238f3cf2c8238f3cf2c8238f3cf20d946f7c1222ce3971ce8988f3d21879e491471e79e491471e79e491471e79e491aff73c390ef3e8e7e9c0cd03000000000000342badf2c21cf65040db9e09c4881123468c183162c4881123468c187183c6e438180500000000000000d0781c380a4066e772d123a2870fb8af5778af20df20a954daa0750200000000000068124c26537a76fac97327f7fffaedd67d5b1d5d9d1a88a3001811afaa8c1e113d6feadce08060475715000000000000c0795dcdbcba64ddd2adfbb656dfcab673148097da3332b29fafaf778d4b6667dff8e9d0118d26bfc6256bb81160f9ace5cf3c1c53e35a0000000000000080883efa62ed9c5573aa59c09e2e8056ad823efd78958787bb9d1bcdcf2f98f8e4ffa5a75faf7e31f14680ca7b26d0fe07000000000000a815b11d3d67d59caac702d46cc4f0c11e1eee93a7cc3a73f6929899f562ccc0817d1e1af374c585bb74e9b871fdcafbeebdfbe34f7654bf5a0911596a50a68c1e118df63f000000000000406d3df3704cf488e84adbda76ae41a5f2f8efbf8c33672f3df2f0fda347dd4bd53e4ae0cc998b6957ff53ab5535ae5642c4ac6ce37953e7da593300000000000000b0356feadc4adbda44ccce350882e0e2e232f5e9c7a73e3d9e8818abee8d5ce0d52f209295eb4a10e3e811d198ff0f000000000000a06e820382c70f1f6f7d4640d597f0abc41833180cc3ee8b167f943062d5741f3026b1a36fa1f25100c307dc57ebda01000000000000546434d28d1b74e306198d8eae4aa31a3ee0be9b1905205eae8f1a7cd79887461091c08957731f01e7821dbd0c1271b5e21f6bdc2bbc979d7502000000000000a8c4952bb47a358d1e4ddedee4e3433e3ee4ed4da347d3ead574e58aa32bd7187a85f72ad7d616e35aad64d0a0bef7dc3340a190d74b956465ef1630c741be41f5b276000000000000688e3efb8cd6ada3c4c432c98202dabd9b76efa6afbfa6a79fa6c71e7350e51a49906f90a5c15d49bbbb46626bfdb5d757893fd6cb8d0032eb0d098c11e7e6522a95da59270000000000008032366fa61933282fafca057ef8814e9c208381264c68c46a3536a9546a6d658b6ce31a71ce6532d99245ff7395bbbcf6faaafab911803112ff88b5b19600000000000000b576f224bdffbe4dfb3f90361ea6bfcfd2df7be97645e9621a0dbdff3e9d3ce9882a361ec648bc9c5faedd6d274110eab73eb2fa5d1d000000000000346b5f7d45478fdafc9c41ff1b41d91a7a6e2f3d1f4593f795be72f4287df515f5bae5a7a2abfdc300888888312608c24baf2c157facb7270254f607000000000000a096f4faf2f7ff1351b6864841be5e94915bfea58a0bdf6a9cabc52dab73870400000000000040198240bffd563e29eb4909bba85f060d3d55fea58a0b3b5a76a171e749cd8fe70bd272f5c4a895ca655047f7c76ff7f6f3a8db207ae76a71cb70cd1f0000000000001a90f1148d6a4b43d7d007b369e012323aba3e55db753277f1fe8cccfcd22aa6e6e80f5f29daf85bcefc9141637baa6bbfcabab7b8cb3ebf8faa9f0e50c2c8aee9002d7d12154b00000000000080da9048a87fbff249f1f2797a3ab907959f8feeaebb1aa55a76f9f64cfe823de9b6ed7fabeb05c605bbfffbf64c7eedd75ac71677414151cb96815dba74b467e12e5d3a0607b7cccf2fa8714999d8b3c07999d29e6d0000000000000058716e62453f53f73c3a6c935544d1be15e4a5209986964693b6ec7ba2a21ab58a55cbd79a66edbcaa293155b5406eb1e9ff76a41d7fa593a7425a9b15d7b1c57decf8c9c94f3dba71fdcaf2f9237baa7acb91a3276a5cad8c8873ceca95f6540800000000009a1dcdf14ddb8f858c9b11e963f75b52772f3fa01b35f591b006ac16692fed5cfd8b7cdce451210db9953a4bfd75f5a73983168c8e7074451a92298f656e2421858fedc70e5fa5bf2c17ccb5891455c59cff77de490f3ed86815acde7767f2ab69ff8bf2b5c27767f31fe9e5559b15d7b1c5fde79f6767cc5cd0bd7b273b3773eacf3367ce5cac713199e5fe024664ee93c0ec00000000000050b9ac436b3ffb6edc033322ed7e47dedf3b967d1dd867f22361b5ba745a4b797f6e5ab6bf4fe4a451210db9953a3b9fb86cb52ee47fa3231437b9227de6f1e3e7557d22c35ceba55ef587eb297521a9fc48d19dfa09fc89bfd8c2135458ed33ed552a7afe7927792220e774e2df627b963c995afc704f2f6677a3596c63dbb6b5ed1f777ffcf753c77faf3081e2cd911011e7c42ddd10b63100000000c0ada970e7c391ada71cb2c9980ecd1eee7fffce4c8755a98154fca4d0d04e2fba7d80ff908d171a64e517df7b7ede8a439a0659f74dc9fd9ebb1848e94f8c91494ff710bd1c4877b855b97c54147df8214d98d08855ac8ed6205c2fb06b96c2cc025391bedaae8db29cadad2db374457022c618b7c4000000000000505b79bb776cd2a855a9dfac3bf4c48a4867bb56df40041dcffb957c3b8b3fb1acc3642ca0619ed44549bf159a0e17484e96302d27226ae14a514369e8bd347224b56debc83a976510486bb0ab61af330a7aa34072899d6b165bdc366d6d31761809e7c439e79c88b84d5c83bca4d553a60e1c30f19e01d1f74cf93a9534c797cf19787bf4c021d1031fde9a44a6a485d11d6e9ff8c090c903874c8fdd74494b44a9fb63ef7f6ce0808903074c8edded84bd56000000000056398796cfbba76b94bfdff081d16b76a79a6f104eddb1e48101a33bf80df0f48bea76fff2b59b3e9832644c6bbfc8d65d9f8ddd71d5f25efd85ddef3e3c60746bbfa86e4316ac3d5ee8a8cf50adca2b99ba69de1deda3fc3d06b4befdd9d81da99679db4a92362d79a06b94bf5f54b721efeece28bd5d5a9bf475ecfd8f75088e6cddf5d9d84d57cccb5ff826f6e189dd8223fdfda2ba4df9269388a8f8d8f217ee681fe91f3cfa9e295b8fe7595750f97ea6a4ad0fdf3ed4df6f807ffbc71e9e7728b3aad56a5377ce13577bff3dd3f6a734dcdeaa85eb5f6ffa3570e28295a34a3edf7428afcc4b17d73d11ddc16f807ffbe82716fe5a3ade24eff4da6953bb0547fab77fe4e1d9df5c30efc4d3f36e8f7c60ed75f332df2d68ed376fb7f925fda1d9a33d3dfa797a442f4faae1d6f5c662d4302197495d8988eb0b28f76f73be95e1f5067800002000494441540b8df3d22f09b8ba5195b64d7dfd4b7ffafd21fae2439a31c3a9daff4444c4997d83fb99b9556ff77acbb7b5ed6a71379c3a8d02485d1dbdf8d8a8b70e6e68ab20d26a4b14a909d33ff75ffcebf2480591564f44c775a68899ef7d31d18732f74f19f2c6eabeeb22de8bbf306ae32f31fe447a2d3593ce3000000000706626ad566f8d75a5f3949b9296bff8c8bbb2894b17ce0fd0fcbcfac3a7c796ecfc614ea4ca9479fecf63d42ffe8be121da944d8b56c5ce0d8959307dcb02d7d41d6b6267adea1eb96a6200e51d5af5c4f37f765f3067570fe99f1fad8a9bfc6e9b3fe60dbbd93bc0eb5955950ce87bfffc0de30295c6d4af3f9c35ed8d8e7d3f8c09a1bcdd8b1f9e9d143163d696488fbca41fde5b66594be6fe6963d7a48e9ebe7e411bdda14f67cf9eab8ad83a3f424a29273f3f249bb861f9e840d250eb003a41a4d7aa2266ac8a0ea14beb16ae1d3b45f9eb176342aadccf446d7ac52ce9f0bf40b792a4afe3662f9e1d11b1659cbac26a4b0e2d8a9df6b97aea8225c3020a2e1c4858eec83d6a71e1db4d473b4f88ef332af5be4563befe3c73684c80e5256d893cecf195538328f5e0f285f3a295ebbf9fd381e8eada292fc665f45bfcfed4303abd6eee9bf76be4bf6e181a50dd365cfbcc591effa82f916ba0b34c7c201492c932f95fc145e206db172552738b59af3390219b0c1a720d6ee40ad648266172995d2d7b850b93cbec1d0240ce370a40c639596a60ef230a93f6ecd00c5b13d3563c8e29144a52a8549aeff6ecbed2635c5b95c295c8a62f2aa077df361b53f34c0101ee2907be3d34fab1c80057273b0002000000403364cadb31cf7f479994429ce24e7b64dd47a97dffb775c5c460228abc537aa1cb9babbf9e1c39514d44a46e372832228022c2f27edd31cb63584c542411f5c8d9bde3c3e3e74d1303345faf3ea07d74797c4c6f05519fb0c93f77796ff731d3b0482769aa8972aaaaa422acdfa83022a23edd271dfa74c1b1247d4c88e6eb4dbf6a47c56d5830544544912d53761cfa8e88882e7cbe734fe0b85f568e0e23a23eb3620e456ffafae2fc887022220aea3bac4f1ff17b7f1e11a92363264f8c9412f5ebabcabce3e1af765c183327a4aafdec43aaf061f712115144f0d4dd079627a5d23875f9d56a13377d7abdef82f82513fd8928b247e19e4d65ff391dc094f4f9be0b91931e0d200a78605c9ba7766c4a8d99637944812262e2fc31a31444d4272cefc2c04ff71c9f33abcff15deb0ef9ccf8fed5980829519fbeaaeb773cbc7dd385a173aa7d7a8232b04d58987fc37f1cfb994ac8544044c44dac30a5aaa5b8c0c95440a6a246ab97fd6452e6625fbbde552691496a3b833eafd0ee7618999da31d6ca55ecf08e9d3c63613707ffc36fda26573072cf31df5bf59f3c7953e88439b7ae462c8e353fbb886755fb172f5da45431e89eb3b76f1d28991d5f66b01000000003430a9e2dee7bef99ff5196da63fdf8d8d13c76da75e4ccaf31f1619647e45d563500f5a9df40f516fdbf7ab027c54ba9cbc3c221591ca27505e5c9267224ab970be24f5d00bb76d322fa6d5d2b0d4022275a37c283b5555498fd4ef362e5c76e0f8851cadda4dab33451211a5fd759e7accecaa2abf12fd85a47fb4491707fa7d6a598b491e9253e3b6157dbb46d037e72fe889aadacf3eda0bfb172ddc7ee0587a06b9a9b5266d88ae9215a5a65cd4050deb6bffb3091b9ef6cf1d3bf2862d1da822226a3b6e5cc7e53bf625cd79aec28300a5617d3aab965d399f4921e7afa4aabaf58d30f71029faf68ea0fde72fe8a9411fa058ffb89e4c2544c40d8564c8aba685c98dc54cd056fdbac3b84a593b7f05517e8d4bb6f793bbda375ec0421c0650d79ad537591d3a21027dd419d733886c8f02aa3e63567c3166f185afa78d7d69519bada3499ff4decb0f7caaf9f382c7ccbd1f8611912278d89c85c3e6e41c5af8f2d3b3bc7fdd7a3f3a0100000000c081e4aae03e7dba5a7e329504ca28afca852b6bb4481562b38788484a0a12dba93a9246c42c5f3fb1a57531758853b5ff89aaaa64ea67d39fd84131b3d6ac0a0bd41d5f34fe03f1353911692bbfe75c1119737065a47590af426dc7a5695d75b7af6b8988ce2d9fb26477e0e425db0686a98a77cf9eb9b6cac59de44e7833eda1bd3b523599d1437796e672761c8f89e853610c889688c4a489c43d5c81c2f26a13c04d25c43823225d3633949ffd422229bdbc2e187512a1c4699ac365dcdf4db5e5d88decc2ea9e0be0ef217ba0bb672d57ec5c93ee4bc4e90c2afca94e9f61e374df2cdb74d57c1cd4ea894ab45a222245589f1e6d4af27289c83562e69b7b7e58b76592eebd599f266949ab15ff27f8f4eddb469197e78c1d3f00000000004414d22e4275fdf831cb4c6c79a78ffd491111edec7b73ebee9da42917aeabc342c2cc7f82039cee3ed82a2a79fe9ff3d463e2fce191116dc3fa74083457bb4d5827faf3e713151e97e81ad62984cea764865857121212a0ac71db79474f1ea3763d225cabdccf7929172e78444e9d34aa4f87b0b0ae61555d390c6917a1ba7ee8d0d52a5e6e7c8507761ca151b37ef97593e5cfbb73fae4ecfefc7885b68ffef8cf7fe685b4ed1440019d3a84e4fdfdb365563fedb1134914d229cc9548ad0ea4940b6915de2b572b4893e76c734c1a7348e64144947f8984f26336642e52a9e5e679a3d1c48c4e3a397ce72045dcf0c06a2ed73346af3f10d4c1bfb6bfd0cc52dadbe26e50b2babc297cced61716cd5d3074ad512e279dd7bd6b96b8bff7fcae549291cea8ec3b6dcdbdd2cc9fc525d5914bde9afff0b4b84d836233562f3a544c64d451cb890b468654bf0500000000004751f49bfa4cc8d0850be629268f0ed17cb73a7e8f7af896d13ef65d92f51f3d75c8f2273e7c7ab669eaa81015dd48cdf41f3d2ea2c228fa46a5cbfce7c021a5e552b347a7bee19557b2539b10fa64d3b2fdfea3dbab2935c3dcfaf41937e3fed50faf899ead9f39aaa34a7beebca50117366eeca08f96cf7ec27bced47e9d1425a9174a3ac60cad30e8dd5c8594e3470e2995baf3bfae5e784031ead571214454c57e56b50e0b29d8b1e9d3dd5efd42e4a6d4cc2aeea210ff9916bd3485a64cbcd39b522e3ab86199f7cb8eef8c83de1f1e11e16ecda947775cfddec19f97f41b4644947eecc0f1409529f5f8ce856b3583968ced43447dc64eedfbcda2694b02e68f0cd39d59b770bf76d8cb13c38828785864c8a277d7c4454c7920c45d77ecba8ec45b1e82c3c25c2f7cbe6553f79121ba745dc4fdc39ca165c58a2f70b93765fcc434a72b7995310fb59b26bb9088f43aa3bcf852a357d05e0ff7f6faeaafbc9f2e1454faeae08eee0f7477ecef723d9091cd6d099cdb7b8b4248e4fcad91f36d121b7e185de6f5259f7d610e8363bef83a8688684de44dd61500000000a031b846cc59b19356c52d7c795d9e5b48e47debf73e37ccee2ffeaa7b5ffe62c3078b966d9cb649a393fb741ffd6ca483bb004cda43eb1e3e64f94911bee48f8d332aad64c823f12b5362df5bf5c8f24252b80784741ca722225244cefa628b7ae1b22dd336e5e8481910d6635c983b1151c8e82dbb286ed1f6454f7c9649cab0bef72f79742855fca8f2d61191413b3e5af0c8423d05840c7af4d52fe68b33de57b59fbbce7c7f7aca2bdba78d5c9747ca8080a088615e957d2ed788396fef94c7af58bbec917925a4f209ebdbaf5380c3a65dccfb2ef110f55e15e96e9b0cb97760f7459b3f3f50382c247c58f7bf773c3f6b759e3420acdbe895efcd9f284e8a1f1cb375856eeebbaba7bc9049fe7d1f9df5c592e1e2b887b0198be233de583677deda3ca92ac0bffbb081810a22528e5a306be2e4f8794f1ca0808e13e3870c0ba979e44503d3a651ce5e66c8242623a982988473810423b3792e400b4f37cea9b850a72fd10b39df49029f24456b0756b92a12460b4604e90dc2d1e4228197c9dfd5ce7dfec89692dadfd32fbec3b6adedd8870232d55d95fc3e697ebdd1f85501000000000080a6a4f822a5cce3422e7976600a5f92b81049b84947a6622ac964374e5817e49c9b8c8220083217a9c4a33bb559426e1d1d58f16afc7b439f704af3c9919ceb054622f2f3908dbfc36b7c1fefd65e7579b8bd7a8077c564506e7bb9dced662b5a274c759757c55100b9bfa00b00000000000000aaa6cfa02b73b8670097fb99349779e15593f606190ab920102329e39c4810ccf3e133461246120949a42461442dba53fb77c935d0d19fc14ce094af351d3c9bfff55f79c7ae1416e9cb5fa9f7504806b4f778a887eaee0e1e6e7266ff7000af81de5461148003bb006454761c8263c72400000000000040d370f56d7dfeb90b67d252af64a7a553d60dcacd6745c592129db44d90a177a712c164faf3925b4aba4221e72ddcc8cb93fb795370006f13ccc342ff72bdf63685bee5e8cf404494af356d3b7ee3d32337526fe8ab5aa6402bec3f9db7ff745ea740c584bede8fdeeee5e62aa96a615bd626b693b4b5658c91cd8484dcb193130200000000004093c0353fe5e516adfd54f76fbaa46c439287b4f5193afede82f3dfe5e6179ffe47915728a19cd2576f0be20ba6197d153fb1d0c6af75792506e1c59d57bf3f976fb0ef118ce733b40bf7a6ff9e5af4ce23ad5d6535379f99f9ea3f2fdbeeaed1cd741854572b19e7e6b53346d618000000000000a01a2c7c8b9fe79a95f34f1e3da9fde32ffd852b82cec04c261204fafb4c41efb3d78db9ee675348a92089844ba52477e1616d25bdbacafbdfae70f5ea45ada63bfa131011fd74a130f17ca19ded7f91cec8f79f2e18ddbde0de2e9e352ecc39b76d6b5be22a17d796141715e519f43a8351c785da548b8849a42e32b9ababab5b0bb542e956695f808cd9dcc350fbd90d010000000000a0595276a076efb8eaaf0d6a7f71e0e854aecbc8bba12928282c2ed2eaf506a3de286dd161d29332575717b7160a0f0f7795b79ac903992284941dc9b59593b43fffcdd51b855a5f08370a3ca5eabb066c892d6edbcf5ad5e7164ca6bcbcac82fc9cca5fb603174c7a7db15e5f5c58a8f1f0f451a9fd2592f2772bc82c0312ca9500000000000000d5628ce4c1240f66448c9bbc5a1bbdb89188130996762523ce884988c988c98839ecb18d5579b8977a607bf7daf64670a2004f99ddcbd6dce2d6eb4ab2b3d28c4643c597eaa6203fa7a4a4d0d7b795abbccc73236596b101154b00000000000000fb3029312991dcd1f5a81d9f16329f167636e6eba6e61637e7bca828af1edbff22a341575494e7e2aab01dfb2fb1f440542c01000000000000e066d4d8e2e63a6d717e5e76436c3b3f2fdba0d7da6e51825100000000000000000da3861637e7545ca4610d33330263acb0e086ed0484953fc9d064aaddc4830000000000000060cbce96b55eaf6db83ae80d65a62d9450e91485a5657a767ac3d500000000000000e09627b6ac2bb6b86d7022321aed7ab840dd18cd5d00e691001222e2e2330a6dca53e74f355c0d000000000000006e7962cbba628bbb1c41101aae0e8260b4fdd13c0a80b1d23e09c6e8dbc3071aae0600000000000000b7bc6f0f1f28d7d66ea07bfeed671e05c079699f04e7b47dffb6ab99571d5b330000000000008026ea6ae6d56dfbb689ed6c2adbee762009ab0c117b63e35b8ead190000000000004013f5c6c6b7acedeb0a2d6e8791700b73af8425deb66fdbda5deb1c583300000000000080a6685dc2ba6dfbb655dad6aedb408019339e7dfdf538dbccebafc7cd98f16c6dd723b1bdf25f2e7ef9dd57d625acaf43e5000000000000009aa77509eb5f7ae7956adada7558a7abab3c2666b2b517e0f5d7e3626226bbbaca6bbb1ea9e236a54d0d389139e69c33c6be3ffafdbf1969111dbb7bba7bd6a19600000000000000cdc4d5ccabafac9ef7f6967788a862fbdab214772ff196c95cacefcacfcbaa71cd478e1c23a219339ef3f4f4183c78504ccce4152bde5db9f25d7b6aa552fb8933121211f31ae863cf7b1e1ffef87dfdefedd9a947906f90542ab5e72d00000000000000b73693c9949e9d7eeafc9fdf1efe6efbfeedf6bc2520a7ad5cee4644e25302d352cfdab9add9b35f888d7d8188ec6fff1351eb90ced62e00999defd9be7fbb9d1f06000000000000009c905419e25659beaa9b1390471e79e491471e79e491471e79e491471ef9bae7dd4bbc6a7b2300598600ac5efd6152d25f33663c4796bb036a647b234055a300aa9aa21079e491471e79e491471e79e491471e79e491bff97c2d88edffb56b372e5dba4ccc887704d87f3b804846c41823cec95a9aeb6893411e79e491471e79e491471e79e491471e79e4eb255f077abd6eedda8dafbeba58fc510cf47a5d6dd763ef74800000000000000070f3ea3c1d60dd949b0e9095eb99408c183162c4881123468c183162c488113750ec4052658892881171942851a2448912254a942851a2448912654397759b0eb0ce6ca70364de837c1b74630000000000000060e59f1deaa81b01249c73ce89732e6e1c3162c4881123468c183162c488112346dc703195259154f5a8be7a506ee5180500000000000000d078ca8d02c8ca4cd56a8b1a685b0a450bbf8090d251000db41900000000000000a8918babbcd1562e760130942851a2448912254a942851a244891265a394568c885ab8aba9613026b1acdcbc5da932c4ad81360600000000000000e5b4282ef34400a954c618e9b4c5f5be2195dacfcdcd938898e59984e2c4008c6a7a68815422934898844988d9b53c4a942851a2448912254a942851a244d92c4a4e021704819b04a37def2ac518714e1e9e3ec545050683b61edbff3217b987a7b7b809ab9a47014825525799ab442a618c11ab7e5900000000000080668611634c2291c82432225e71ceff72ca8e026044c4186bd1c29313d7eb4aeaa5461e9edebebead98446a9d085024236262af43252591542a93c9a495bf8a12254a942851a2448912254a942851a2b496442e2e2ecc2831998c9caa5cb27c0702639c732691aad5010aa5677151ae41af3718755c106ad5ec6712898b4ceee22a776ba156c895c4c4967f992bf9553d149011e732994c2a9596cf53a5fd19c8238f3cf2c8238f3cf2c8238f3cf2c8238f3c1191c964321a8dc42a5fdee6a180a54ac70ed4388aa05a8cc8d2f827eb14005632dba4d8274144c4492291c964b2f27922ce2b5b1e79e491471e79e491471e79e491471e79e49167444432998c0b247093d80b506ef94a31c68838e79535dc6b8f3122aa64355265488bf2394e8cb88b8b4bc537545511e491471e79e491471e79e491471e79e49147de4a226146a391a892067d8b62b5ed1301caacc38c6ee20f638c5165ed7f22623e917e65129c8873a9442a73adb442000000000000005033a3de60124cc4cacfacef97d5a6e28d008d43566610022722e29c5ca4d24a0727b0caa62e401e79e491471e79e491471e79e491471e79e4cbe599442a984c12465ca02aaeca37b6b2a3003871ce8993422e2789735410000000000000a02912b856a723468c951908e0c0510092d25e0a4e9c8b37021049986def0562c4881123468c183162c4881123468cb876b184894d6ccec9fa4c00db651a9f380a801189d51288336ee24a772511b719a980183162c4881123468c183162c4881123ae5d5c5258c2a48c18674c6279853b701480d4ad4dd92702702281bbc8650ea90d000000000000c02dc3a8333046c4482c45553f11a0c1c9ccb5e0642e39274e36fd160000000000000050275cfcc388b13243041c4462d3fa2732df9550268312254a942851a2448912254a942851a2ac5bc92bcf3b8684883146448c88133146c4b9398312254a942851a2448912254a942851a2ac73c9396344646d7133317618cb74809c734ec439371137096eaa1662fd50a2448912254a942851a2448912254a94752b8bf38a9854c2a4448c3146c418d5663a40adb6e846ce7f3a6d91209824128920088220b8b8b8700b89442a57b4f0f669a950b4a8797544cc27d29f31e20211712e10099c9bb89bca8d73628c6c4b11f2c8238f3cf2c8238f3cf2c8238f3cf2c8236f4fbe38af98491949189310116312e29cfcb242ece902282929cc48ff870b26ceb9542a2d282870757555abd5d9d9d944e4eaeaeae2e2220802114924d280a0764aa57b8deb2c7d2200e7449c38272e908bdc31931302000000000000dc320c5a0331c6182346ccd25560e71301b232538c061d11b9b8b8e4e7e7df7df7dd2b56ac18326448dfbe7d7372724a4a4a6edcb821914864329920988c468387a74f8deb943146a5031598d87d214e06e0f821132851a2448912254a942851a244891265d32d19997b00c8e646003bbb0fb4da2222628ce5e6e6f6e8d163d1a2452fbcf0425656d68e1d3b9e78e289cb972f9f3a75eaf5d75f2f2a2a92c9643a6d913deb942a435a108975e05c20ce39e7e4aa70e1965a8903181023468c183162c4881123468c183162c4b58a0d3a83780b003122122708b47714c08d9cff88c868344e9830e1adb7de7af3cd372512c93befbcf3f9e79f2f5bb6ecbdf7deebd8b1e3e4c993bffcf24ba9544ac4bdbc836a5c67e92800ce19b38c0220628c7122c4881123468c183162c4881123468c18711d6346e6963f3126b6be19e33536d44552a9342f2fef99679e19356ad45f7ffd2508c2d8b163972d5be6e1e13179f2642f2faf850b17f6eedd3b2222e2c489136e6e76cd2f282322228e12254a947529b913d401254a94cdb9644e500794b52d71ee408912a5634bc79c3b984d692f4110140ac588112366cd9a3569d224a954aad56aa3a2a2c2c2c2d6ad5ba7d7ebdf7cf3cd6eddba1514144824123bd729236295e52b4d0240b3578b43160040c32b7750c2f717e7847307003895c63e7730cb9f5a6f8c732ecef6575454a450288283838b8b8b57af5e5d5454b479f3e6bffefa6bfaf4e94b962cb9f3ce3bcf9f3f2f954aed59a7cc660758fb27380ed500505e85a302b7a670c00080c6c7ac7fdb7c9de2655e02c7c3b903009c8a63ce1d753fde49a5d2c2c2c283070fbefaeaab4b962c99366d5adbb66d7372725ab76e7dead42983c1f0f4d34fbff6da6b6fbdf5d6962d5bc4a703d608a30000a026dc36e436191c2800c071ca3524c55b2dc5bfd011e00c70ee000027e49873c74d8d02904aa5478f1e9d3973a65aadfee8a38fbcbdbd1312122e5ebca8d3e9929393838383dddcdc0c06031727f6b783cc7243827913b69b2b9b478c1871b38c7969ccc97a90e044ac4cecf07a22468cb8d9c6e24f9c1331ceacc72c6659d069ead9ac629c3b102346ece4b1f89323cf1df61204c1c3c3e3975f7e59b972e56bafbd76eddab54f3ef9c46432dd7df7dd7abdbe73e7cefdfbf7dfb871a32008764e0720756be32e3e04803122ce181117c855e942e2a4854496490b112346dccc6222e2e69818e7e251c236cf393112f3a525a1448912658395658f39e66f2fe2518b332631673891c4fc82131c4b9b5b8c73074a94289dad74f4b9c3a03548a48c18131f0d28966e452a3b1f0ae8eaeafaefbfff4e9a34292b2bebadb7de4a4b4bebd1a3c7a44993de7bef3d3f3fbfb163c77ef0c1075f7cf185bbbbbb2008de3e2d6b5c27f3bd3b80888813e79c04e202e746eea6b6eb710200702bb35ca8e1bc6c464cf08a4b96cb0200340456ee6f31b67e6b2b7d9d597eb05d121a1ace1d00e08c1c79ee28d61433196312461262cc3c00c1f7fa6d7279cd8deee42b49c405ad567bdb6db7bdf2ca2b8181811d3a74f8efbfff1e7ffcf1909090a54b973ef7dc73172e5c50a954269349229186b6eb51e33a99efdd01625f08e79c9b88b8d805d08273ce2c1fdbdc5f422476e7228f3cf2b77e9e8b79cb9c225cec4915bfc031cec5e1529c739bf57067aa3ff2c8237fabe6a94c5e222122468c71ce99c4fc658e736212222226c6ccfc4dce29ea7f6be7b998b734e9cde70b73e35fbc2247c4b9edf9823b53fd91471ef95b354f65f296730789e70b46444c229e47888831e29c59ce1df5509f624d31934988119392d805c0b9bd5d00e9d72e1717e7492412ad566b341a030202fcfcfc9e7ffef956ad5aa5a5a57df2c9277ffcf1874aa532180c8c31a59b6750cbf635ae13a30000a002eb9737f16b9cf52b9df54a0eb72e56768ea7b26f0700a84fac42c888cc1771c476be1891cd90744b5cf6edd02070ee000027e404e78e9b1905a0d7955cbb76910b26b1560683c16030c864322f2fafcccc4cc698bbbbbbc964628c3189b4557098ababa2c675ca98b80b44625707133b3d78159f1879e491bfa5f396d03c9b1317bb2a39136fa7e2d4ca3ff8c90727de73e79076addbc964b2cad60600d0488c46e33f69ff7c7ff4874fbefaf4daf5ffacdf6a4abfc931cec8323d5299e39f131c6f6fa5bce51218379f36c872ee30bf88730700380f9b73c7a66bd7af59ce1d9c998701885d04d636f2cd1e271923c6c46105ccda05602757b932a865871b39d774da224130c9643217171722d26834eeeeee44248eff972b5a78fbb4b4a7fd4f558d0268e1e5661dc355aef64d34efaf3385171a3a1419428a8dc125467f9dc9c720781a04a5c065022722a384954858be8b24c745725d2ebdaa94a5b8c9fe69e172d6dde5ba5ceaf0fa238f7ce3e579e95f9c5b0e0e96207ae4f8375f5c8a6f6f00e06c8c46e3cb6fcfddba779bf9db95f87d4b626d99965edb21e739dede4a79f37d63a597fac5f63f1770ee0000e7653d7748248c93f9dc513a408018b33ec6a4ac5a1d278b35c5121746ac2ea3001a82ac74900391751480b5f7bca226946f5764b8eb86b6ef0d5daf3c9d9b4938e7e17aa9854bb29bcb6f3e8a0cb9ec86ab245f26299632a38411914ce06e26ee6914bcf542a0ce185c620a2d360cbb5e125ea82f964a4eaae4c7bce5bf792bfe69e1e2f0cf853cf20d982f1d0240c4ad21137b039eb87ffcf2d86595af0200c0a16432d98a39cb18a3ad7bb7977e79b3dccc697331c7f2b7c38fb7b752de7213acf91cc22d21e78473070038b132e70eb1cd4f249e36ace70e6b377239f61f272dbd09ccb68bc181c4e900997883163771e2c48d82653a40261ec19b56dc334f775f66f1d0ac123723ffd5477ecc5bf1874a9edcc2a5ceeb6c5b62bc5da3eb7b433720475b2c6307fd94df06b89df4747592cf8b18717dc696299a38e7448c0b9c8888732e504bbf9647b7fd866b3800e0cc8c4663bfe8015733af4aa412629c310927ce18638c1389533d39cdf1f6568a71ee0080a6aca1cf1dc59a22cb748062c734e39c3bc328002676955bc66f914dbe69c45e0661dcb5c231ff15b90a7c5f80db8b5d7d9354ae653f6c1dd79fece692ece6b2b3a53b1145e4e9875d2f5ef5778e5ec2125ab6d8d1ca3dd78539fcb323465cbf31375fbdb15cfde744444f3dcb2ab91700002000494441543809dfe100c0c9c964b227474f5cb2ee0de2e20569f17b98f92ab5931c636fd518e70e0068a21afedc41d5e41b9fc47c842e5352858c53979d0a0d6f9ccd494a4ceb50a87fad93d7e00141cb3ba893542e0db1ad2495ebf20eaac1035abed649dda1d0909498f6c6d91b9d0af5ceb01f50a2acb7929b6373c439717e4fbf210400e0f4eee937c432f97c9989e9c91aa3c4b90300a0ac063e7750b5f9c6c6fc06078a75e0a5d3010a6eea160eac93fd3a151a9e4dce1b9c5df2c96d9e9b5bbb67bb969fb7afa1f9ea4d13d20a9ffc37ff475fe587a1aaf3ee2e8d5c0180fa643e16f1d2c99c046ebe4b48e0693fa4e04a0e00383fa3d1d87a481b26310fb6649232133b91a5807a83730700347d0d7aee106f0428f750409fccd68eba114052f3224ec9cb202c3c7723e158c6e5162eb74706bfdd4ed5f8ed7f22ca7695bedd4e757b64f0e5162e09c732169ebbe165101abf1a00f5885bffe2a517748813bec30140932093c9c4a396b5654aa51774a0a1e0dc01004d5ab33a7748c8722b42132a27a615fcfacb352363fd2383d7b45519a50efe1406098b6fa7ee37a89549c27efde5daa4b44267d84b2851de6449626cbe218a00009a10c688383156fa9423943877000054af31cf1d0ed4c46e0468576478f57caeabc0dfe8e85561b63fa71091a77fe562ae5ec25eefe4657d822040d360eeece4e64e50cecde33905ce059efecb3547d70f00c02e41035b3109238979242763651eef841b01ea19ce1d00704b68b8738733de08e00c7dc6f694e3af151e3c9c7ed847f1d81d017fa9e50eaf4fa56592caf5f13e81bff9280e1e4e1f7fb5d0e1f54189b2d6252f1f5bfb4101009a0cf138660ec5d8d147d75bbbc4b903006e018d78ee70a026330ae08db33722f274af74f671ce8bff1545e4e9df389b93a492bfd2d9dbd17501b08f79ea53cb051dce4930cfe744b89203004d47d0c056e2651cc688248c31ebac4ee25f8eaddd2d07e70e00b82534dcb9c3d94601c8ca744230f10f7378cf84ad965ae3bb7f65a7bac9eeefdf92379d13f75f6af9fdfd5b2e3f9dfdc5ef992f74f7fd4f81e970a00962449c88116f2abf78000064fe26238ee2347fab41174063c2b903009aa2063b77308bd2fb0b1c4ac64b1f7c283ec0d5fa3c44f3f4878c591e8848c4186be47ccf3cddfb49d95b5b7bac09f51497736c7d6a951738cdeee233fd4ade17c7329e8ff03da5923b673d9147de7a1c60acf44a0e990f08e64303351d5a4d86461618e8deb85b356a3332b481c1eabaafa130f9548a32bc6ba0a2fe2a05d03c71cb4cce8c1c7d5c6d0e795ee63c62fe2ac94bff1500009a049b73473d1f2739e7cc76fdccc1dfac25a57d12a5dd13e65b141c9e8fccd17ef67be6aaf6eaf8b62a67a84fddf2f1edd4abdaab3ffb3d333247eb0cf5411e79fbf2549a370f106a228c89b1ddc267ffd8006bd6243c1dda367abba6d217933f1819fa48fcb99b587df2bae8fe33b7a6dfc41a0040c48831b21cdf8831db6b3ace78bcbd95f2b661d339710000943977309b7347431d3f1df84925bc8a2e0887e78764956cfe23736684df17addc9da13e3793ffa295fbcceebe9bffc81c9255e20cf541bee9e515a33e4a38fec9c8f6d64cfbf1df5c7a73a2af7579df899f2524273ed9a5743daefd977d727eff842e36ab91f79a72f0d286b9bd5d89c82f6645f2bffbcd7f52f75dd93ec2d3667b65efedb48f76cfd3411e8c31c6945e41e1fdc7ce5c9998a2b5ffedf6fa23aeb3c7c80d19f5bf62d2ee8bf653f67fa36c2b5e7b2aaea7b2edcc442222f79e23264f19d9f326aef30340a3335f75a9703073bae3bc33e6fda2266c4cdc76fedf6fce5fda7cf0a3515dda3fbaebd2e637872bcdcbc8bbbcf2c3ae3dd3db5a96af6c3fd7449bfc655c74bfb65e1e4aafd05e63df482ced64cd3eb2727caf200fa5578721d3379f134f27dad3db62c7f46aeba554fab5ed3f39fe94b8b43179dbac91bd42bd944a6550b721d3b79fab78eea9fc8db5da8a95f15cfc882065b7b853c6da7e5800706ae58f87357d1faeaf7ce39354d503e1d8fca0ec928d27329fea1d70c0dfcd19ea73f3f903012d9eea1db0f144e6a0ec127b96471ef90a79bfa829efcce922af74f92ec3c7f5a6fcd6774f88525af2523f7f4f7997e1531fb436edbd1e9c39acbddcdddfdffcb3eef297d1773d39e8ae27070d782a72e68ff9956eb8165fe80a7335ee5376a5e7e6269f4c5c17db2b7bc3d83b462e39da00bd000d243b39a3507b6455dc369bfe85e48f63e3ffd4a66768b444240b1d337fdef84e0eab2000d412e74e7a3c6f1a7979dfd9cb1f6afdc72793a39ebbffb10f36ff989a76f99b755fd28393ee6b4d44447e0f3df4a8fc97959bae945f0fb71635d39cfa252374e6d693e7ceee5bd0ebdcc2e8d8fde2592363dbcc312b3463b7fe9d7c786978e2f3d18b8f6a8928f948a2a6dfe25da792cf7e393be8c7d8e865a7888864413d1f98bde1c7e4f4e4b35bc7d3d6e7e3122a8cd6aafc8db5da8aa5c289b3c6aebc99115f00e0ac2cc7b1f22df5863ede363e89a32b50899e1addda53d7a7f6f24ff453d6bc74d391e8a79cdacb7feda9eb3d353a47d7059a20212df10f9af4c2dcfe159fd7e1daeba181ad4f6c5b99a81cfe685f4b8bdfd35f25bd7c2677f0a461e6b1035dee9f707bf69934174f95d4bc88ae242f2d334dfc935542f288570f6efb7a76d84d5452a650fbaad581a1e103c6ccdb96183ff4ece2192bcf89d749b213574eecdfd64ba9f4eb3c64e6b67385e677688ec63f1dd539c843e9153e32f6cbe4da6dce98bc6fc1d85ead954a8fa05e63e2122e5b5fd026ceea1ce4a15406751e322b2159ac40cab6a707766eeba754ba28bd3a0c79fae30a9789b2d37365fda2ba1d5ebcea88f9a5c2c495abcef61ada93b2d3d389c89838bdb557f41ef326ceed8c1dd92d48a9547a7518197f9a8888ce6f181beaa5547ab5ed17bdf2a8f91ba866cff45eadbdc48d4edf6cf9da684c4e983bb657a897d2ab6dff89f1472abfb70000c0913c5bb6f6ccfef1f31f0e5f4ebb7ce2f0a6cf92f2a9e8dbd50927ba8e9e16d582e45da64eed7afad3cf7fd2ddd4b92370ccaaf58b1fef171a1cda6fc2b431ed35c997d38988aeeedab0c72b7ac1bca83681e18f2c8e1b9abc6dd361220a9fba7efd9c113ddb04860e983665a83af9b2782457840f8eead946ad76572a8914c1a1a115a654a9fc8db5db0a1151c6ce69d37f1fb37e4114266d0180a6cbe9ba005a6a8df14959719d7dacd7ff6f2507fcdde23afbc42765b5d462f418d45adadeff5b9e357c79cc60cfb27979f771c35527be3af0d5572775770d19ee27663dfd54dacb9f26fc78dbb009bd5d899483270df1dcb773c72552f97955be7e5dde95d3974e5f2aa8affa068e9f3a36e8f4de7d2944941c3f7eec0acdc8f54792930f2e0e3f326de4cc7d1a22cad836e5a1c5c943d71c4e4edef7bc2261f2d3f129f6af5f7b6ae1d8b1db1553b69f4dfe3b619a3a21faa1584bdb9d7a3dbff5f0a5e4b3dba215dba7c46ece2022d29c3df967d09483c9c96967f7cd5227ce9c127fbeecfab234e9ee9da72d9ca2d8bc222183882879f392adbed3573c15aec84ad794fd95d51e8c1d199318342be16c72f2c99d2bc68add2cc12316ef3f977c297171b753714f2d3e62242252df316dc38fe7d2d3cfee8b516c9d19b7219b88b447168c9db2c72bf6cb73c94756f43f1717bd20b1e90c960080e6222be9c865df4717bf3835aa75e900b4b4bd2b3f2b7970ce23f74d9af0281d58b529bddece1ddad3fbf65d0d8f1a184a4474eedc590aefd5557c451dde3334fdfcb9329dc49ac47dbf68fb0fee676d8a273e1fc43c82faaf2a99f2415cbf6a1ae8b66faced56321266cf4d8efe20ae3f6e080380a6cce9ba00defd2b7b6b6b0ff1feff5bd217addcb7b6f678f7af6c4757049a2063daa7f16b2eddf17a5c5fdb4e0079d4dd51aa73dfedcbcf4f3c7c98ba8c7a28808848eee1292fc9bb7e78d397347c525f4fcffee386147dfde9b1ebf95a4f95f9ddf22e0fefba9470fe52c2f98b1fbf31d8952865f38bafcedbfd5ffd55d82f484d9af46ca23f376c38121ebb6a5e54a7c0c01e63562c8da62fe3776553c6ce0dfbd4d18be74485fa06f67b2e6e7cf0e17d3fda7d41dc7878c3c7c92316c44f1b101ad8a6df9455712332b66e382836a515eaf63d4303034307cf9e32940eff7ed6f21e45607060606068bfa9b163024f1d3e55a6ddadcd4ed7a8d541774e8fed7778c5ba53a43d12fffed911b3a6f5f4f5526467e496d9b676dfc75b4b1e59bce6a97ea18181a13dc2cd93f8bb0785770a0c0cee397e5674cfaba74e5e2522a2c0f09eed03d5bea1fd9e8b8e329e4bbe4c643cbc757372d4ff568cef1118d8694cdccca8f4fdfb704f2900389d2b6b26bebef20faf71efad399e387f76942f1111e94fbeb7f95bff87de9913b87fc5e72775544fe78ecbdba63cbec66bee86d93d8888489bab9529149696bcda5d41059ad243b6f65cfcc4e87de12bd64f0db5e6a2de4f2f493fbbf739e58687a237a4109d5fd2df833117c63cfaafbc5cc51b6bb7154de2c2b8738fc7cfeea1c010000068d22444a5d3e412599f7dc8cae71b257ee36c4eaa9becfd766a07d6a111e2f8b6aa543797a567729ca43e889b462cfe6ea66f5efc59da88987977292d29f7c10fdee179e2d88ff944fa13df261a7a8f18741b113177a54a5f906738f5d90f69770d8f796668ef4b07769e31e5e7ebe59e6e0ac61891eef2b7cf0d9ff5c088590f8c58b0ea8881993758491d2c2fd456567a3aa983d444e919c9b2d0d036e6b4223434d0989e9141c9e9e9dacbf1511e4aa552a9f4e8bff232e566e756bdbab20a33d2355ea1a1966b31eea1e1be9ae4abe57a10146ab597b6b042b7824ceda5a672794da196d4416a59e09859d1da8df11b3e5eb1553625f6213579a9bdb4b9654701a427a769432b196a6aa10ef4a25c8d9688b4e7b6c78ebca36d9097d2abc3ec442369c59a676b126282944aa552a90c8ad9471a8ddd1f1b00ec62397439cd31bc69c659499b17c40deb3dfda51fbd277ef4f2d40e32464405c7e33fbb4a9713b7ec2fb22e4f95adc7ee73c7f90d6387cfce189fb06b4e4ff37155e1a5306ab596e6b8a6504b1e6af34b85a7568e895a298bdbbb6d4aa8accc6a1481e12316ac981298b8e1cb646a3f6deba9b367ff3e7bf654c2943655bcb1565b391f1fb7bf67dcac9e68ff03dcc21af0dc615e7f69de8124649e9c908b53145a663de4e5f30d1f3f7e35bfbb4637a7ab6f236fd721f19cae3e1179bac7d2f29da43e889b406cf9ddbcbcf7d5f772ef9b39a4b598f2e83bfa2e4f79ffa9074f7f91f4f7a67786b79077e93faabd94b89b87dca0d5727ef9c08ebfdb4d9b117ae2b31fff259356ab57285a98d7a92bbc7e39e5d2a5944b97d3b2b4e66d516575b0bc503b19dbd6edd2741d39a23d515060a8313939c5fc82362d398382020329d02f48d123ee6449a9c373426b586bae2697144a05917b60903a3739d9d28c2f4c4fce56870657189d292b9fa86ec51e0a2f22c58069d342774d9f95d8ebf9e93d6544ee4ab5519b5ba6bbc02bc84f919c9c5ec3e87d2351c6d6d8e713d4b37e48ce2dc9bdb4728479b080da4bad1ebf2db7f46367ad1f61773d01c01e964397d31cc39b72ac4bfb76d9ce1f751dfaf576e144c48ddabc12d2eab436cb5065efb5efdc91bd6ffa43719ac9097be7f72b3d82878777a67327c569564873ee547250a7f05022a2e46d93c7c62b16efdd362dbcfab6b84c1dda3e3cbc537878fb40b5ac8a37d6662bc9fb134f6524448b9db7e3b769ce2fe9df617a22067001dc5a1af0dc615e7f69de8164b65db49c881127c618639c5369bee1e3f6c586c5676f8cbd3388dbd6a771ebd09831319ad7d577d7d1f4e35eca2bee2e0eaf0f62678f89cc7d868c71d33f9b366c7ee8cd697e8c885451fdfbd31f4b1f5af79396136324ef32fbd367ef1bde32fe733705e9750502a3dcaf371d18cd0c9bbf2d6024d1eb0c9e2aa5b9f751ae54dd16789b795bdaeb69ea47de7e2afcb70fe7eefcaf6c1d984d55aa67ccd564646450496eca9184f717af38181ab76776b88ca84774f41df1f1b356f65c15ddb9f0f08ab95be991ad637d49fdd0f8a8a571b18b7a2e9ed02b5451927e95826e0f559366db98a069bebb72d78e30af363b317e5d46af07fa051acf6d5bbe4bd323b69f9a88fa474f088d5a3a6d4387c52303357b17c6250446270eadfbe5196dae86cc034243a35f99b6ef03e5ecc7038988dcd54acad568887cadcbaa474c18113739367660fceca1a14a4d7aae6f15d7858c5aad919446adb6504bd66f8ab2a8298f078d58387d83dfbc919dbc283b39d7bd67783029ddbd28eddca90c6d68202e3201dc24c62ccf742ebd0063bd52cd889ce4d8eedcb1aad784490169bf5dbc9a27098e1ad24b9efd539a60bda2458c2cfb36e4899b39771c5916bb3534eee48b3d49abd51229640a9211058f9df2c0e2d90b968c787f4ad0a9b8c50743c71fec4f44da3d4b66ffde2ffe97e8d0ff67efdc03a3a8eef6ff7c6737c9865c488060a24109e02578a9a155016f058b172cfa2a6a9514db0abd28d45a457daba9f555d0be162fb5a2efdb9adaaa510b22aff213eb0df0062a2da16a1315c20a048910484802d924bbf3fdfd31339b4d4824403633499e8ff1e1c977cf9e391bc2f9ce9c73e68c55da1f08f881dad2175ea9c91f373a13dbd63e55545c5930e782f6a3c91dbff1408e92f7cb371b7fe954b7a430f38ebce5a5730b387a4b489f225eb9c399f78fd6ef0c091c2049c949a79f71dab061b9c903060068dcbb77cb96caf7defda0a9f1c0369b37acc1088d0e5220c66bcff93bca77de7774c6baf4a41e3eae8b7e5d7ae27d4767fee6d39d1e690fbdb73d62ff6d86cafff4bbe55b9a14483fff3fbed1b4fcb5bf7db279c3862debd76fdef0c99b4f2eab1935f9db23d303e968aa6b5400a1e5c5853f78725548018442cd484a4953059034ea9292779f78ebdd27de7af789956fdc7051dac0238e3ffaf86169fbb601da957e2a3533a3e199a9c372728e1e33f1c78facca9851b27af9ed63adabd9fc9b9e593c2b63f1cc53f2f22615959e32ffe587276700183ea3644951ce8a39134fccc93c7accd4dbacddfb43350dc81b96d35a736d6d70f5fcc233478f3e734689bfb0e489597900101877d7e2c59787165c3e3aefc4c90baa27972c99fb755b40ed8f9a8610029956051993e6befcc2ed13ad3d490281006a6b1ada14ceb8a478f103e3cbefbb74745e5efea419c56b3a5910903b63fe7de3caee189f93999c396cd6eadcfcbc54008171f7bc5c7c41cd82abc6e4e5e4e44f9ab1604d2d80ec29b36665bf3ce3ba123e1f809043a6f3bed4fdfebcd7f8f4f451e32ffaefbf3ef0daf2f90ffd6050e9ef1e98ff5e935d06687d5a76e221e58ee0aad5c1da57668f487638f7fe2000644f7bf88539198b0b0bf2c6df169cf86849d1d80080d27756557df1ccd4614ee1cca9cf3400b5e5cb1e9d3df1c4bcbc1327ce7e2d63cec2176edae7e9ad1dbff1808e4208e9fbc43377ec53ff8136eee863467e7ffa95f9a3f393070cd85db37b67f5ce94d4d4fcd1f9df9f7ee5d1c78c3ca0aae4b0730e070085aac284464c8de8808c7d1f3b1647a66faebba06aefb453b37bf2a01ee1990fab5ec91ef0d491e9fb2f4a48bc71fa2967bcc1ea16544d55135fbebda5879a115a36f3e839198bcae68feda1031242fa18879f354c0c882130ace553f64c4eebec35e9463c923b0821e4d0885feed85bbb477c223e0346eb8282cc6d47242575f51178471f33f2dc0bbed3d2127e7fd5fb1fffab4c558fc83dfc3fa64e891678ed9537d67f5ed1c5dafcaa0a883d34e1883332213da0992de62d9fd7147e2bdb6e494f1dd723fadb63324afef1d5d2c3526a127d5e680fb55f6beb58a5d52788aaa2ebab00ba8b50cec4dbe64fe4f53f21e4605155a801ab376bd3d7d9afbbdfdff625f548ee20849043237eb9237ac5ddb6e6ae92949c74d6b7cf68696979aee4f9badd75004e3f73dcd1c78e8a2d73d6b7cfd8bca5b28b7704f89d3bef05b0ee5a50e76685683cbefacb0db50b8f48fb2823c9f9e9f6d0713da21f6504161e91f6cb8adadf8c1eec85f650fbbd6afb887533a7f4e0795c46c1b46b0b7aee7084903e87357b23f6ec4dbb991c405cef69fb9e7a20771042c8a111bfdce15466d76cc5badeb0d3cf382d901c78e7ad77adebffc30ecb3a79cc49edca049203a79f71daf2d7dfee4a8546ec006dcffb63eb9ba76e6df8fdc88c2e96ef93fee1511953b7361c5bdfec91f6d0d3439c7e89276f84905e48677d9a57fad8beea993b0821bd19b772c77ec9cdcd8d44221fffabccfad6ef4fd8b5ab66d7ae9a4838125b6cd8b0dc2e5668c44ef8f7bcff5970f7632332ea120d17dbe0badf9de07b6cc4c09f05777ba43df4f4518f584f0821bd049118eb81beb4bf79e60e42486fa4c77347571990326077cd6e75860db66efdf2d9a7163efbd4c2e0c62fa2655a5a5aacc7047405eb6126ea8a1e5bdf346147e32d270c71b10d1ed13fe60d5cb362cbb1f5cd9fa5257aa13dd47eac68f5a2a2d00e5e258490de81f5a8634081580595b98310423a236eb9a35d6d07c0a0218366fde2a70054b5beaefed3f2cffff1e1dab7df7aafbeae3e901cd8bca9f29453c70ccc1cd8c5da0cfb63baa13fd85cff97a3d25b0c37dbe0116d31e42f47a5ff60739deb2da1521d953691031aab248410771174d08f51993b0821e46be8e9dcd155f6eed9dbda4691f481e9a78efdd631c71dddb8b771d57b1f2c7fe3ad8a0d1b07660e6cdcbbf76b2a89c5bafc7661cc38b339326d73dd5347a6b93d6eed157deac8b4699beb339bc3aeb7844a6da3763768450821a49720ba4fdfe5811eb5ff28730721a437d2a3b9a3ab545656ee1bccc9c98efa13bf31dae7f36dd9d241b10e310011114711e3e3ab976fddb328376d67a2bfc78ee871dd95e45f949b76c5d63daeb7844aed440921a477209ee833a996124248ef20feb903b191ae37ecbd773f083586a2df96fdbbfced95efae5fbfc1fa367d60fad8f163438da1f7defda08b15fa017b6701eb0f5505d4f1889f5eb2b5febf460f8e393a158b8f48fd4dd9ceffcd4b77bd25d47ead12d32708d45440010d87c37ebfb57b082184789770386cf563225088d59941a0b0be01c4033d6ddf53e60e42486f26ceb9c3ea1a4555c5a9a7eb343536bdbdf2dd732ff88ef5ede64d9515eb3702109113bf317aecf8b10909fe156fac6c6a6cea62857e6b30c2f9b42a220a88881d898f16ec6e4a54fd607032e279945ea7ef0f4a4e543db9b6f95f99495e680f956aa9354c59b1a5e2d8bc630facc72284901ea7624b052086210a693dab014400151158de0bbd6bdf56e60e42482f22aeb9639f5500d0031c0558ff790544cf3afbcc407260e277cefed6a905068c8199037d3e5fa831b4e28d95eb3fafe87a6dbed411695627ad0a28d40414098144d8431e16ddec7fb8a9eef3d4c4558393e3547feff5439b22c734b4bc3b38d923eda1efa75e1d6ff54f0a85e40e3de294134f012184789b85af2c7a67edbb8088218088a180d89bd35962f770dee86ffb9267ee2084f45ae29a3b5a422d1011c3bad5c07a49931bd2fdfe84aeb770d7ce9ab2b24f939393525352d2d2d303c981c6bd7b2b2a36befcff5eddfed58e03fab092fd9d23acb6a92a4cd5889a114dc94839a05a0e94d7dfae9cf38dac7f0d4c8aeb517a23dfd8dd34ff5f3b269d95eb7643487f4501388f1d8d760b0a35f588acc3df2b7987eb3909215e261c0e9f5e78e6d61d5f8a2122802122ce399c20e61c8e742bcc1d8490de4cbc73c79eda3d864fc427b135677c797852d280436ffc4160a8c2fa021c13e3350e7e4443cb8088b92e3d294ef5f76abf2e3d6940c41cd9d0e291f6d0f74b2f8a9838ec455095dbbffcd583b78310423cccaf1ebc7deb8e2f0128a01044fb3700106ff4b17dd5337710427a2bf1ce1d1d5e5fbb885f62166d59376e69eb80874df7fad37736be3738397ef5f776ffdee0e4f13b1b2b5213ba589e9ebe3bbdb6f186015588098518863ebbec3908eebd611ee77308215e231c0effeaa1db9f5df69c441f7664381d9aa07532c7e9e2dcef6ffb9267ee2084f44e7a2877c4d423d2be4ccfe34bc94b8fedb5a15045622051b5e3961d7afcc75fec7e6f7072595a529ceaefedf1f416f3f45da16587a578a43d8cf7c3b8387fa8c6f45b10083ef9fc9385af3edfdcd23230353d232dc3308c0eaa2384909e221c0eafdfb47ee12b8b7e3eef86d5eb56c380b5c632aad65cb4089c5330fb8d1ee96ffb603cfaa3b667d25a73474b4b4b3a730721c403b4e68e7b62720720466b06817da12e87de4fb6845aec8d00626e0408d4a71dd05e00dd88b5178074b41780a2e39b1e0e35feee8a4dd34f3d3c98e28f53fdbd3d9eb7a7e5a90fbf3c63c2911e690fe3fd2e6e2d4f82b5f849e1ac5f526b3994f5cc5035559dcd4c9d82f63b3bc6039f8b71c619ef237158239231579ae24cad08da5cff5ba76f1a7336e785f6f7d1b82a204eee88260ba89a5071beb5d52e00e9287778ec7331ce38e37d271ecd1d6ae70c896690d6ace1e48ed6e276f943688fb317006018317b01e4b8b517805f1522766f1dfb15136fc321c687364552221a4cf1c7a9fe3e100fa6f80744342b14d911f079a13d8cf7cfb8b502404d0820a2564f669dd9d9cf3711fbb44ded5ba6007b94b4c3faa5935152c619679cf1038a3bb331d6599955205a4c00511181a833edaf0a181d0d507aa7bfed4b717bf598024eee800a249a3bd09a3bcc681eb1fefed4a9c753bf6f8c33ce78df883b2f3bdfc6e411859d354401439c73de981d00bba39f54bb3d1de5a39ec7dff10f0c9d84a3e9f660e3c7d53797a725c6affebe11ff342d31bfa17947a08361214fb593f1be1977cec904ea9c9889330a207677aa4ef7165de9a4d1f3b88eced93b3e2ce38c33cef8c1c6a5ed9f129ddb7166729cd337439c37b5add113fd6d5f8a1badb9c3ce0756b63000ed287758d31c1a3d1b6e779ebe4ffd8c33ce38e3871effdadc61c4e48e58e9b4fe03e827057056ac755a5fcfe1079ca10e601f956ed7910d2debed8deee2527fdfd0f5a989231b9adf1e32c0f59650fba9daa7700231ed091c6714000251014c15710657d57e9f175a4ea552fb8bc29950b67b25881db127190440cced98e28536f77565eea052a95e57782977b8861f10a737b616f76a4ca4fb75f8de962f5212e3577fdfd04d2909c3f7b478a125d47eae500386aa296240550c817576a76a18b0caa89a02a3931a9c4e944aa5520f5e3bee9d2062bd2aaa561f656d446f884061bf6a388b953aab87cadc41a552fba67a297758d7d7b1aaf696dbee10dd0e505501d3d408cc889992910ac465b4e3f17f7eb53037f5b5c3e2557fdfd073bfda7b4565dde253ab090000200049444154cc6fe6b8de126abf568d7a53d17a06e7bc0a8d2daf6eb7964aa5f62b8d9999b14ed2acb31a67932775566e0ae09c10badee67ea2cc1d542ad5b3ea52eed853db60f80c673b405835677c79b86bdb01c2198d00ec5500226d462c80eef44343e1ed8184f8d5df37fc5701ffd050c43beda1efa75e9ced9a6008d4843d70192d23ade5d57eafd9ba49b7fbeda7a7a7ef8b1eade72dd2a6bfb2cfe5ac4d4bc47a0180c2fd36f72fcfdc414f4fef3d0f577387d815db1e6eaf02f003709eda02cb6b8c8fd25d7e5073a43ad117bffafb86df99e81bd41cf14e7be8fbaf172800857dfa16f34a6b7181c2e9c58cd6d724a667a3a7a7a7ef06ef44daf63f4e48e05c505a675d31e55def4bfb9b67eea0a7a7f78ef740eeb0bea46ddc45fc220004d1a51122d64200c46701467ad8ac4f30e2577fdfd0fa045f7ad8e44f89ea1595e8c24ec3ee33c5eec7808e967172db2d2a95da33eaf43662478cd65799435d57e60e2a95ea4dedf1dc21d185008e02eae610802a008542d556b53ce0b4ac3b3539a27b0d895ffd7d43f71a488e287f4a54cf69ec144fabbadd2a2a95da6fd55e48693d7fd939a3b2be630ef58e327750a9544f698fe70efbfa5a63473fdda4a75701f84d8df844e250735fd288cff09b71fc5ba0520f52a3bf936d666fe089b651a9d47eae9c43f6ac327750a954cf6a8fe40eafad0230ec550000ecb9ff787bf4e0b17ab18f552fb4879ebe8d07200a01849e9e9ede1bde0b7d23fdd77b78e0f7849e9e9e3ed6bbd937ba865f62f64c90e8d60890386dc91036c46fa2c58857fd7dc3fb4d0d1b028847da434f4f4f4f4f4f4f4f4f4f4f4f7f505e007b010020edcaf43c7e44affaa16dbfe242a34f9223668b61c4a9febe4172c46cf449fcfe16083954f8bb4908f11aae9e4e912ec1dc4108f11a3d943bbcd5fdf93bf9dcf1fa61d4f98df4b05997e08b53fd7d83f4b059e737783a433c47c7dd97b73a3542487f2226516a0731e209983b0821dea2e77387b4fd72196b154087ed884b7c57a26f5053a43239a1878fdbbbe2839b22bb123b1b25f1503b19ef47716d17548d966fff9227dbcf38e38cf7c9b8d81d90d34f19f69f887dab07dad96fe31a1bb7bf715ef2523b19679cf17e1517d38a4773895d16dac902fd78b7b3a73100fbb67cfbf3b6fa3671e9a6f8f680ffb0a648fceaef1bf1c39a22db037eefb487f1fe1e8ff687a20a8540550480330c609707101b6fa38c33ce38e3dd1717c0ea799cb8fda2a8f336089c32deec57fb435ced784cee88f97b8c9687677eaf18679cf1be1d17c0ee9decb82dadb9c32a12977e12fbc45d4472260d0300eb5985a66a44cd88a664a4c4e97877fe7bc7a601094fe465c4a9febec18f82b547ed6db9f3f82cb71b42fa3d6de76b62be6df352db4284101247da9e3949bb3f2d2f9dbd447a06e60e4288c7703777eca9dd63f8447c024344ec230ddc9a9d943460bfeffd5656786cfaf6c3060d94964633dca2aa800a203e9fd56a85a8aafa936aeaead7341cf6de5789fbadd30f40ac7159eb7100cec8841de96edd9c92307c4f4bfceaef1b3a7c6fcb170312bcd0126abf5640edde4021800911a8e944d0b6a442c41e6175bfe5542ab50fabe97803aa6a7943a02a22b016592a20a2d67a01a7a4075ade4f94b9834aa57a505dcd1d88b9ca8e5e6b7791f1695fe60f683c2aff1b29871f0d5555537c095013aa300c0db7c0342521a971fba64dff5c21baed3d1cd5a52100ab05763b627c3c747d4ae2395fed895ffd7d43473534bf3134c50b2da1f65f557b82c65485c2fa5205a0a609004e5fa150d8817deb31a305a9542af560550074d0c320020854058069468b8baa150744ad37abe9443aaa87cadc41a552fba07a2c77c0f10774fd0f2027c5189c6cf8377d804dab8ce4819a982c7b7621900ac38fc65aa40c862fd1dcb5c5178e0c4ef66547ba54a775c37974c183aab53641ec7110a758b7f9cf0626e5d735c7affebee1f3eb9a3f1b9864df2ce281f6d0f75baf3045c519173555052a02ebc62181021058659c9ecdf536d3d3d3f735afede3adab35159611eb75154874bec52e13fb87fb9fa57f78e60e7a7a7af7bdb68fbb983bec0b6cb1ac55ada26b248a2627f807a029e19b971aa715227530fefdbaf9e643bab7c677c64c9c31439233cc4f96f95ff95d736d4da23fa92b75faada159bb5b5640d5bac1c08eb7a2d6cfe410e3db137d7b7c92b7a779e3808478d4df07e2797b5af6f8647ba2afed0091e7dac9785f8e5bbf7ba26a0d8e2aec3e4115d6f99b09a819f32613da69fd4e57cb38e38c337ea871ab9fb1f696b34fb0aceb4843ec8b4b11b5cee4d43e79d3e8bba57d3d9dd5cff841c69da9aee8b925627287fd3e35adbf0a5558b9a32bf57bedf79071c619f77e7cdffec4ca1d22d684bf0aa022103b77588f94813a158afdad753b4057eaff9ab8aa0aa07a800b00000062f88ca65dbe6f7d2fe1fb8fda919ce3cc9481bae13ddfe5f7598732cef891a61d66fcef8f8caed5e98f996a060476e2449b709b461c72bc3433794c4d2898d2f14605f13b6e6f897fb336549a99dcd95f8077dac9789f8d2b2050289cf540b67706060e1f9273f545d3279e366164ee08bfdfdf718d8410d22384c3e18aca8dcb3f58f1e44b4f7db9631b9c810100b15b3bb5dbe6091ee96ffb521c31b9031de48e23b2983b08215e61dfdc11edbdac5181d6dca1ddd04f461700a075154057b1f725f8d61550d37ce5bfcdf237fd3f7ec638e57b7afc790a449eff4f54fecbf871899c701e868e940d9bba52a7a1317727f48c5f332870eacec69e3f6e6ff1a7ee6c5c3328d93beda1efbf5eadd91a0514aaa6a950bdf2fc2bdef9ebca6bbff7d363871fc373384288ebf8fdfe63871f73edf77eface5f575e79fe155053edbe0bd624b3e3bdd1aff607cfdc4108f13c9ec91dfb4700310cf5f900d19a4a6cfd08755f892f41d20fc39e1a2d7f4dbff8509a1ac4f0892fc1d965657f1fdf996db696428835648bd66500ddef570f19f0b38a9af8d5dfdbfde9d57bff3832d33beda1ef5f5e61f7036ac755152ad6faa52bcfffde7fdf782f0821c47bf8fd7eab837aeeef7f8358f3d1cef6466adf03eaccbc78a3bfed4b9eb98310d23b713b77ec1f350c09b7e8a72be4b8b37d57fe5e734f3217ffa7d9b21762a069afecdc8453be8741476ad57ad4544ad7f60268b30a2056e317af484dd8eb334eaa69ece1e3f68af849b5a13d3ea32235d123ed61bc5fc715aa261450138ac387e4ccbbfe6e104288879977fddd870f391caad697aac6cee4b8dfaff68778dbdc91c3dc4108f13c56ee50b33577a093d9fbeeee3ff78f3dbc9a94aa807efe8ef9f23cfde243ddb9c9dc51813d3b913000bbabd0b447ebaab4b14e7cbeaed469c48e46a093118e6e8fbf7958caa4ed7b7bfeb8de8f4ffa6acff2c352bcd31ec6fb791c10401502d5ab2f9aced59b84108fe3f7fbafbee8fbd0d6732baff5abfd266ee78e1f307710423c8f953ba4cd7579cff49ffb47d5147fa231e254513557ff456bb7fa2ebdd7ffabd5fe5bdff3cd5981a1a3cc7fbfa6bb36cba8f19235529b435da9b38bbb067633afe6a49ebfadc195437b9cf3b735bc9a93ea762b48bf465bcf9dad014b40551513c74e74b55d8410d225268e9d18edb800d867741a3b2c40ba1fe60e4248afc6b3b9c31a52556bf17e7206060f97932e44fa61923e54328f90c346494ebea465090cf8a30bc9f783016740a227f55f99c9cd868cddd5e8cad13dab637736361bb22e23e07a4ba8fd54b58d079c88428091b9234008219e6764ee08a8c29a7281f5b0c098be0e6ef7b47d4f993b0821bd9f9ecf1d5d444560b6989fad8061f82e99e79bb3020373cccf564696dead807cef21df0daf2275886efc40b76f40427257ea34e0dc96d0c3fa7f47a45db2a5ceada37b532fa9acfbbf23d2bcd0122ad55155d3fa43b9929310d22bb03a2b55e7a6744ff4a5fd4d993b0821bd8c9ecf1d5d444d138134f3ed3f45defa237c0932f84833f8a1b9e4f6c8dbff1359be4044644086f9f93b91e77ea166448c2e0d2ef8018888aafd38001181f568006daf8002dd167f7e58fa3f5edb78df71437605fcf1a8bfd7c587349b976da93be5bc91d6d890ebed61bcdfc74d40d45411a80974f986254208711d551810110844016b72ba750e47bcd6dff6a5b82962e70ea8b50e8010427a0756ee005a7387fd9d75bd8c83ef27659f55007a00a3001251c31423f27f45e6aa271148d5af3e97709324a54596fe57e4fda79110d0ed1b2261d34c4836435d7b2820f61993d0af1babe8b6784da2efd9a306166edafdf03183e2517faf8b4ffba2f6d9a306ee4a30ac98ebed61bcbfc64dfbae27b57b03b476098410d26b5035a1d6399ca82aecf33038bd9917fadbbe1257d88fd1765e75fe60ee2084f432ac714c53a357e9d6ec382c7bd0fda4f587c48c0e74bd4935cd464b52b8319c18f6a548d50698261293c548427344fda9f8ea0ba8a90981b0f89b9b9b763775e94600bfc4dc8aa00211c05e0b10779e1e9e51b2baf27f8e1ed4d2b5150b7d9804537ff0456de1b8dc9ef9c913b25f14d6f8a7d58f21fa072184781f0104d622004ba3132f70560390b8c0dc4108e9bdc42f77d8ab00c4e680aa5a599b1530cc21aa098688a48b88369a0200d6f3ffd200688bb6447467e380550dd95da9d36f0f42a8358e6b8fd8f6ccb0eda769892b87a6ccacd8f5e8a8413d70382f33b362d7caa1299fa6258203e6c445da8c60da5d823393c3df4c4248afc19e9a56fb0a545cdfd0b96fc3dc4108e913c42f77d8ab00f4602ef5ded9e67f67db11ddd4101b37570100f8d3c8ccbfbdb7a56478665d823b8f27f402e92de64f37d47ceff4615c0240bc8242ed214fa75be0ef2621a4f7e04cb338f32dd6f48d7015409c61ee2084f466e2973b0e6515403c30da0cd0c678ed11ff597ad29261e93fffbcba878feb29fff3cf772e1996fe597a9247da43df9fbd7614e7240e21a477113bfb1cdba7996ef7b17dd533771042fa00f1ce1d9d5d6bf73c469b99e7182f3de51f3e66f0655bea4eaa0df5f0713de2bfb1bbe9b22dbb1f3e66b047da434fdfc63ba3945deaa6c2a1aacada2e9423849078e3f463ea8dbeb4bff903ca1d8410e215e29b3b3abbd6ee79dc5f7e5f93e8bbffb821379757efbf685fe4e6f2eafb8f1b5293e873bb21841c2ac1c72eccbb7c41b9dbcd208410420e885038ee8728bd777cce29f34ae37f204208d92fee0f0100787a78468b21332b6adc6e484f33b3a2a6c590a78767b8dd1072a80c3beb8ea7ff774dd992cfca9e7d73e9f553469efbc7b2973eab88fd5ab264d691236f7ce8a3e72f1ee2bc29e9a25bd7acbc766c1230eab2e7ca967c56f1d267150bdf5bf9db3fdc78d6c824bbcc9099bf6d53cfd317a42330e5d185ef155f30327af451df5b5236af306be835cf2f697bd0973e2b3e371dad557db4b47034beee701dd1fd7338a1e092a2c2712332d39233f3c64cbd777974e540685df1cc334764a6658e1857b8e01fa1af2b5cb9ace88af123b29293d332474f9ce9140650b5ec8e0b47e72427678dbef0b66555e1afa9b9d3c2a85e7dffb4313969c999479f33fba9f2686900a12f9e997962e6398f5575fb0f8510d2fdc47f0a3afdc46beefded9ba5cf7f56f1fc9a95bf9b3f7d040060e8d937deba64e5b31f553cbfe6fd07fe70e3b85cab70d2597f28fdf3bc6f273a6f1e71c3d2e7ff3a3d1d483cf7c1bf5a99e2a3d23f2f299e3165542200248db8ecdedf3995fff6d6f3d281c0944717b6c92c371e15db9ca451e7ce5ffad78fca9e7df3e9c2b1e968c3a8cb9e2bfbf3bcf3024ed1d1b7beba70c9ac11187df5b2d8ac517aebb9d18c907efafcf797bc77ef3793da5462a78f352b7f3b7fc63786a0330ee8875fbdbaf8fa0bc7e465262727670e1b73ce35c5a5a1fdbfa99ba82a9e9c39f1c1e041bf3fb4ae78f6b9a373d29293d332479c7261d1eb1daf86cb3bb370c6d5e3f2fc077d9c03a4a17cc1152332a7bdd0733f4842fa0cfd60f9528f7545fb61eef159cbdedaf4e1e0e48f3202fb2fdd2738a93634e7d3eac9671fb5ffa2c4e3a45f76e7b553026fdc55f8465953fac86f6656567e78db791f0f4cf2259d37fbb98b36fd7cd6d24a44766fdf3970662715240e48c7670f9df7df8b9ad287159c72cdacd9cf8d1ffa83c2e7cb9a00a069c38b3f99b9b4d22a19aaab03000cf9f68fe6dfb8e9ca07ac22163b9fbff6bab706fa9075de1f8a8f7badf0f74bebd1b4bbbaae2b871b97f583ef2f8eadab2ddddc15d696be5395777dc9da33b3ab5e9f37e3bac23927071fbf208086e5732e9f537649c9da45f9e50f17165e353b6fcde393333a299c9d7fe18f17cc78382f33545e724be19c5b164c5e7e531e10fc4361e15319739706a7e2e59bae2a2ccc5af5e62ff33ba9b993c2a87ae6fa4be7d7ce2ef97846ce9ab953af299c7bf4aab9630368287fe1c1b9731f5d166c088de9de9f0721241e28e2bddf52d2b13794fcba10ab1ffbcf27dfdf12c93ae1c491dbeb80f473efbd7bfe849a9207fefbf64f1ab24e9878ed8d37fd35ebfe4b7eb5ba83ded8c6484a4aae5ef8dfdf7be0b3a4aca3c6fe78c6bcc77d3bce2bde31fd27774c687cec97fff95a25b2461f9d5eb107480050fdd2fcab1ff8d4eab043bb77c6d41338f7c6ab47fff3c1332eab292c9977edc5cbde7f2a666e65c32b7f7e71f2fce9e73df6ea8b95c0908b2fbe2ce9dd394f6d44ee19682a7be8b20796d65b35867638b960c8c5e79d9d1e4a3affdc73effde752abf56dd2c7845befbc755ed32f7efaf4f64e3e57177347f5b2d913a62ece9831f7d1b913f3334255e5ab4a91d3832783a1f0215c268757175d3e7bf9b8474ad64c1c1d08054b4b1b8fee785e27e38c5973cf38f8e31c08b5a54fcc2dbaaf6455756d6852cf1c91903e44fc7387173060df8a20fb688fc6836949bf39f1b0bb3fde2ede684fbce386c8dd1f6dbff3c4c336a6267aa13d8c1f527cc8b0dc848a15affcbfd24d1bcb3f79fda9b7cb9b9b766ed9b6b162ebd6ba66c89e1d1b2a375654edac8b442b88d663dd30290220525f57bb73cba6d2a58baf9ff944d9c8a9375c9c69976c0ed56dd95e59b963eb96ed5bab9b040022952bff89e9b36f1d9762d7030822f5d5551b37546edcb1a70991baad5b376ea8b4cadbedb4fecddbe523f5bb6b76566e5ef7d2f3d7cffc4bd9c8a9bfb82853924e2cfafb5f17ffe298e8a743dbcfdb053e2d9e9a97999c9c39625ce1fdefd702c092c264692579da0b21645ffac0e373af1a97979b376efaac4b47d506376c03107aa5b8a4616ad15d93f3b2f326df513435b4b8f8955a745218febc71930af2b233028100809ce1f9990050fecc93abf2af9b3feb5bd9d9df9a31f7ba31ab9e2c290d775673c78551b9b8786966e11db74f1c9e9d7ff9dca249c1679e5c0500e16dc19a3145af2f9b735c977e12841057e981fe3feb8a2b0b733fbeef9a07fffc5a7979d9676f2f5afcc4ca6a397ecab51763e9affeebbe85ebcaca2bde5ef8c79ffeea1d5c7cf98ce3fd02e71e79bb06e71b0040a869cf8eea9d1bcbfef9cc82151543478f1b95386ce450fcfbbd67566ea8a8a8f8e0a5575eaf30ed92bbebb656eed8ba657b65e50e2bb338ad4a1c9894585fb9a5ae794f5328d2d464b66dff9ed71e7db1f4f829d74e4895a4d133671e5ff6f4a2b7eb9d8cb063fb563bcbd437dbe5732fbff8b8cac79f5c5a5770d9c5439d7a0044eaea6a776ed9b46ee9b37f5e192918971f707247f4e7d3fee7ffb58456df33a7383cabe49547665c5090373c2f7fece419d74ece068050f9b3732e3c3127393973c42985f35eafb2cbdf7dce98a3733293253973c4f89fcc9b77dd8563866526a7e58cb974de72eba6d22f9e9979e6e89ccce4e4e4e49c132f9cfda7526b5ebef48e31c91715db73f49fcc1b937661b1b3a26bf52d23444492cf5950092054fed4ec0b0b7232d332474c9c5dfc893540505e7cf539a38765262724671614ad8eae1aab2d2bafca187f55e1c4e3f2b287e78fbb64dac4e1008070d5b2bba78eb112e29945ab4308fee19ce471f3ac7be56adf5f3073e2e89cb4e4ccfc0be72c09b6ff5c6939632e2d5a1e5d6d56bdfafeabc78fc84a4ececc1973fdb25a0055cbe74d1b3f222b393967ccd4bb97efb32c2d140c62f2c3cb4baecad9df0f9f10d29e4efafcb8e411173fa6017b4342dd477b3afeb723d33f1a9874efbaaf3cd29eb8c6ef29adfa2823e9b923d33dd21ec60f295eb97af5f6d1337ff9ebe9271e91b86f79202682b6f5584f50d2983250d52d6f2f5deb2bf8f6e8442b62115b27802dcbe63c507ddebd33ce4eb323adc78d1eb25d3b63ea69537ecb5b4bd7fa0abe9d9fd854b7f1df1bca2aea635bdbfeb8fb2177f2dc57ca83eb97cf3db1b4e847735787814b4a1a5b1a1b1b1bb7bd30237fc8b89bae9f1c3bb513fa64d9b2cafc8967e60128ffb83c949f9f6fbd1c1853901f2aff38884e0a0340b8b4e84449ce193367fde447ee999c01a0a17ceda719a34fb00be49d9c9fb1a1bc3cd449cd9d1446797919f2c79c608533f20bf2b67d5a1e049031f1a6076ebaf404deb64348af20fefd7fc2d871c761f55b2fed68131f3c66f4c8edeb96ae6a8c96dfbdeaadb7b61f79f2988c7dfa67e79bd846270d3deda26fe622b4bbae71edcab2fa71df7bf857130a8618edfae14eda59f7f717ff99fbfd9fdc7acf9cc2c0d2c75edcddbefd5b5e796861e3941b2f9d34bd70aabef1d053dba27576f079474f9c327ae3d2456f2e5d515370f184114e9b9df6fbd2f2cf3cb720a57977a33ab923da9ef63fffaf235cbaf89560fee5851353dbbf127a7dce85d72dcfbb65595970ede3d342c5575c7aff270010fc7855ed8405e55b6a82afdf94f3cadce2da4b17ac280faebe7f4cf9dc390f9702406dd9da7539b35f290bae2f7be196bc55b74c9ef1d47eeede1a774f5963636363fd9bb37251fbcaec0baf5f9b7fd7f2f2f5cbe70e5f3e7bfafda56120bcad74c5dabcdb5605b76d2b5f32bb20ba8876c8c4c967864a6e2c2c7ab6b42a663141e95d930b9f09ccf8f3da6070edcb7f9851109bf9aa9e9971c9dce0a447560583cbae0bbc70cdcc055f389febcc056b83db82ab8b276e5b5078dbb2100004174c9b3cbffac2475604831f2f2fbe6e7c46b8fcfe69538bc38525a5c1b227a7d63e5c78d3a276b71e645f7ad7fc5993f2035e59e94b486fa2933e3f2e79c4c58f6974343ee19adef18deca3f6b65cbb6197eb2d89ab5ebb7ed7517b5b7e7d52b6eb2da1768fb67c70e79dd73ffee5f1337ebdecfd07ee9f79e2c09857a3533e56046ddf1bb30a2036de52bd634f527a7a404480a4d1973c57b6f0a3b2851f953d3e6f4292d8ff76235b9ffe9fc72abe79c76da70e04ace3d835b499658a51eb7dd67163cb4bb87a7b4352fac000363d3b67ee1dff6f5ba7addd3fa939f9c76567e7164cbbb1b0a0b274ad75fb823f10a87a61d6f52fe7df5732776ccc79d08667665cf548e66dc5379d0c00a1865a043232edd70299a90835d474561800fc05733f6eac59ffe6dcbc658597cc2b0d03a19a109233d29c02c9814c841a1b3aa9b993c208d584fcd6da0200c8480da0be96f75212d2db68dbd3c6a3e74f1e989e50b7a3be6ddc97313419f5bbaa9b634a36d7d6d7237d687ab47f76cab75905907bc56def962dfca8ecf1bfce1ab5e3c51797564afdab0fffe0c637ebc7fff0af6f3dfeb77bcf1d1d704a4e2f5a632585d2db2e4f8a3d7ae6d1c35242034f2a3cbff1895f3ebfae79e0e86f9f3c2ad0265bad5bf0cceb5917cdbff1b0d71e7c7e5d93f3f3491a7deb5b56967976c96dc70920925470f1e9b9651fbebea579dd6bffdc31fa8c8bac550c62157ef6a3b2e7d72cbd7ecac0b2e2928f9a0f2d77d4d4562367d8bef3d5b5cbfe54d278f9dcf9d30bf2b2f326fe72c14da794163fb9da7e3135277b4846f6b766144e083466e48d1b959d7dc2b41917e4947f12ddbd25903d2a2f3b376fdcf44716fc3873d91f4b82fb1ca00dfe40201008f801d42e7b6271e3254573a7e46767174cbb6d46c18697976fb04b65e4e6670fc9c81e9e1d93c9f266bdb076f13539a5f74ccccb1b5378f7b26008082f2f7e2238f1b605b326e46567e7e59f9cd766046051f1b28cc2b9374fcc1b923deedaa269b9ab96ad70aee13372f2b2b3b34f983ce79af1b56b5695878175c5c5abf3e73c7afbe413b2b373f30b8ecbc02725256bf267dd336b5c6e76dea49b6eba04cb5e59c52445483711ffdcb1cf99b92bf80155959851db58959ed79b0ab29f5bb5e5ab24ff0bc306bad586b8ea259bebaedabcfbcaf1c35c6f09b53b75fbca050fbeb5a038ff8a1fcebff3d6dfd5ddf0d385d56acfa223e65f5304f025b5fe2b339234022066badd2a9930242ba5a9ae2ea49a08346d78edfa59af6e010491da2d4d807d2aa1fa65c9bd8b262d9a71cbbf573b1115207662a94d3b9d42d17ffeceabfeaca1a94d75bb9bdab4a1d547f540c8c8ce448d7de91c2e5ff09359a51794acfd515e6b814f8ba74e29aabdfa85c537dbb32381d40c846a6b800c0008d53420909ad959618740c6a889373d70d3b213172c5e777bc171990134d6d63b2f36866a10484eeda4e6406d878511c80c84b78542402a00d4368490d66f762821a4efa0aa226229546179c4ea21f6fc8dbbeb5ad2b3d2d0261ea9ddde88b4414312b5a2c9892766a4a5a16e7b0d90a3cee24b01540d2422da3757bffad8d50f6c1c39e3d679a396fdf457ab770082e60d7f2ff9f9df9f1b5cf0dd3b1ffcc99f7e537bceaf3e0250fdd2821f2fd8d80c28f6543741611f3deb8aeb1fbebcfaf673afc38d77cd7bf4875b7eb9e9f2df8e5d79eeba8a504c0beb3e7c7461e5a4096b4afede106d099a363c51f8c84bf5104442bbb703d0c463a69c37b86cd1879580fe73f55bdb2f9874d1c887fefd992ad0b4e1b1c2dfbf8e537ffde7f32a66cd7de2df4d7268b923336308d656d500d96de335c16da1bc82e8c57376def040b0725b080531650219a98150c8befecdc8ccc0a78da1689274c8cfcfc3926d55e1f6f14ea8d9b62d54f5fed4cc67a391bcf15fffb8db40dee49b1f997cf3fcaa150b66fd64ea39db1697dd53bbad36332fafe35563c16ddb421b564d4c5b108d1454d7006d0641328664c0fa60dbaa82febcbcdc98d7b6550543ab8b4e4c2eb2bf0f61d2b67d3f3521e4a0886bee80c4d40f775701888808bca3db06245cffcdc3effa78fba4af1abcd09eeed5495fedb9ebe3edd77ff3f06d0312bcd01e6a376b7df9a23f3fb13a70fc9811495604d1d9768198d595bb917bf8a88055de3fe2e8c3515fb7a3d92918ad67d8c4296322a52bcb9bad179af76cafd8bcb1627345c5d69dcd8268691154fcfdee0535e7ce9a901b8d88487462a95d0bad7ff3ceebadf16113bf3b2652bab2bce9eb3fddc1100680f20767146d9bf1f803935bcf86aa97cd366493250000200049444154bea4a8f69a175efef5b86830bf203f505e5ede000008ad2d2d0f149c98d759e18e8f959a3fe6b8dab24fecc99ee0bab5b5a3f2f3039dd4dc4961e4e78f46f9da4fac706d796930e7b8fcbc0e8e4708f12e6d7bb00efac36ed096756b37268d193769689bf8ced51f570cfde694f1c9d1c8c0f1679f3d74f3fbabeb21b53bea52468dcab4cb0f3c72e4d050f58e26ab570fd5d56eaddcfcfa837f796dd87fdc70f1a0983acd9deb5e7e685130ed9b27e53b2537566caea8d8bcb162675d6b7b920ac68da87beb9db7ab77be7edbdcbb369c3affe9e9056bdf7fabbe5dcbcde6ba109a9a9b5b23009a776cb5b3ccd6ea168804c69f7df6b0c48259bffbb0f4d935efdf76d930dfc8f3cf3cd95a9986e6faad5b2bd6bd74f7829af37e75e9e8c0fe7e56fbc15f3079424ef9c2e2d5ed27b233737202c160d0095705bf08e5e5eeb34ba03f79bfbf0cc1ca6dc8cec9f623232d809ada0e9f3e151d47003273b202793f7fb9b195b2f963f77b100081ec0937cdbda660dbebcb4b031999a935c160c72307d9593981938bd6c61c60d5cded934c207a499f959d13ae0a56c6bc96959d1398fc4830fa6e6d7c69066f5123a45be889dcb1cf99b92b18aaaa8a760ab48ff4647c5d46e0da530e7fecc3ad677fd5e085f67457fcecaff63cf6e1d66b4f397c5d469217dac378b7c5874e9a3175ead9c78c1c79e4c9e75efcdd31d8bee5ab26ab3ce0dc61a950ddbde2bdf793cebae5deef9e7df231a75d7ecd6fbe7f58d98bab2bd42a9a989695933b72e46953a6fde1a9e9a32b163ff4e22ebb8ea4e481b95947e466e5e6661d919b662d2270da13def0d413cfec48494f429b7602e8b0fd761c4062da90ec23468e1c3b65dac34f4f1f5db1f8f72fd5408fbc6a7ed15d53b33bfebc07c9a7f7cfbea7b6f0bea2f1fe502814b2060556df37a724afe8f15f1620d41a0c4c9a5198ba78ee5dcbca2bcb97dd3177b17f6ae105199d15c627cb9e79a534585915fc64f9fdb7dcbf6af8e40b4f06903fedeaf1e58fce59f07e30f88fe2a287cbc75f5d58e0eface68e0b2377ea8c29352577cc5bbea1aa7cd19cb9afe74dbb7afcc17e7842883bb4edb73bee0f0fb9ffaf5cf8c2f375a7dc517cddb473f3f3f3479e76eef985e766eb8665bf7f3132e5dedfdc7af99893f38f39fbf21fffefbd67e2c5e74a3684115abff4d5edf93367fd62ca09f9278ffdd1bddf3babe9c397563521daabab62f7878f3dbee5ac5f5e75569a3172cad41f5d7472fec823f2c79e39edfca3b0656ba52a80407ada11b94373adbc3024c9694f78e386ed59e34e294853d5dd15abd7d7656502e8e07cc339981307e04b1b12cd3283d313134e3bef9b59a57ffbc145375f75f9cd575e7ef3a5d7bd5a997bca948284d6ad0034bce1a99257132fb8a5f0f0f6b963dfbcf3b50426de367772c3824b2f9a53fc7a697043b0fc1fcb9ff9d3b2f270c6e41f15262f2a9af36c69555570f51f66ddbfa6a0f0ea715dfd0d0807972f595e5e5955fefabca23f06c75f71691e9077e6f8bc75c5f39e2dadaaaeadda51e35cf467e48fca287fad64f91755559f94066b33264f9f8ca78ae63c5b1aacaaadaa2c2ffdf46bd70034ac2e7ef099e5ebca8395c1f2f79f59f05279203f3f2f3071c65539cbee99b5604579557555705d79eb436781bc4ba64dfce29139772f2bfda2aab62a58fe8f4e860a2c4e2e2c3c61d582ebe72dfba4aaaa2a58fe4930747261e109abe65d7ffff24faa6aabab82eb4a83bc0d80906ea26d0f86785f47b8f849fdce0884000a11885ac3d131f136da33f17787a6fce4b4231eff60ebb5a71ef14676aaebed39f4f8a4aff63cf6e1d69f9c76c4bb43539c311f2fb693f18389a70c3dfe5b3f9a7945565602eab697bffaa7db8b37c7ccbac7bcabfacddb670df9cd9d973dfc7c3aeab6bdbfe8c1bbad92cd8df51875c34bff73034275959b3e78f57f7ef0c08a72677540d2c88bfeb2f222ab3234ad291a333f146d8988347ffee707567e77410e9ce916e7b8e2ec0ad0462102eb704bffb7dde11018987bfca8d15bd245b6011058aba0c4e9190e8af24525cb6bcb974fceb4963c06263d127c6df2aad5c1da77678f489e6d95094c985fb6fca6bcd489f317cd9f7dedec317fd89671f2a573173d32390340b0c3c299c1e5c5b795ccda50154acd2b9830ad6469d1b80000e4fdbca464db8c395346cf41dec41f9594fc3c1f003aaeb993c2c89ef6f00bdbae9b55583037943dbef0d192a2b15c5f49482f23768e450488ae906a0d7543ff5fbff6ee19f7d5ffeacaeb7e3b61483aea2a37972edcfcfc6b556fdd76c7f537fef01737ce999615c08ee0db8beebff98135f52240cbba07eebb3bfd673ffbafdf5c9b6e5697aebeefba3fbf5ddf766d17b075d192a5338bae9bfec6434dc74c99fe1f37e4a62735d554ac7d6dce9daf574b02802117cd59e6e40494fee53b972fa904046645f163770fbb76ee5b4fa72352f7ef354f4c9f9b7be7ac79333ffb6171e53eedb78f65ff9f34fa86a58fdf60d758f3fcb57fc4b703ef2f78f5830ae7898315affcbfb209df3dffb8c042fbcd1048f3278f3dbdfee559977fe7c537dbe68e98f3c92e9de3e64e5bbc2263de5df7df7ff582d9d50864e7e59f5938f7f2c9f917cc7ff9d1a239f74ccebba636e3844b672f7ce1f613baf4b70f0008953f397be28dc1da8cfcc93f595c7c6d1e008c2d2abe67dbac5bc6e7548502197979a75c9a1300109878e3fd85d38b2eccbf3f903d7ecea2376fbfa47871ed9ca27b268fbea60aa979053f7e7cf93d133b4d03b535c1d58fdcff4079b0aa1643f2c74f9ab3f8be19d940f63d2f9704e6ccbd7acc9c2a641c5778ffeb8fb78e5e0c9f51b22434e78e3913ef2baf4546feb8a29265371574b6759f3ffff6452fe396a2d967ce0d86037913e6befcd2acdb172dc62d45332714051b903dead2b94b4a668ceafa4f8610d229ed5601a0358fb4e68e83cb17adf5b4aed8959ef9501d22479c375c0450a8aa195198aa6133253355d5f998805bfe8ced7b1e5bf3e56f4e1afac2b0815e68cf41fb4bb7ecbef3a3edb34e3dfc9dac142fb4879ebe63af50a89a107b9647cd08a0aaa6aaa99b976f042184f406864d1861f8440c11432010c33aed8202867deee5767fdb97bcd772c7baa2316796ce0abe3c63484f1f9910d2ab895feed853d3207e0386183ea74e45da96aca4a4013df901a318d23a08215ef3ef0e4df9fef861bff86ce7cfd6eff2427b0eceff6cfdce5f7cb673faf861ef64a57aa13df4f407e50921a4d7e0813e939eb98310d2cbe8f17ed2350c756e0403d483fe5f9981ab4e1f76d6f63df796568907da73401e8adfaedb76d6f6bd579d3e6c5d46c0f5f6d0d31fa4e7891c21a457a10ae7f625b7fbcffeecddca1d27cf5d5bcf2500849003a6c773876b787a1580e5bf4c4e9876fa91619f2c797bd349b521d7dbd3457f526dd3ffbdb3a9c59069a70ffb3239d1f5f6d0d31fa4b747292d2584905e80dd8f0900b13a323bec917eb53f78e60e42486fa3c773876b1800a2a3115ed65f9f74d8b34765fcedddcd33eddd693cd1aace7466c5aebfbdbbe9d9a3327e7dd2615e680f957a506a75530ae0a0b7032484101768df7751993b0821647ff474ee700dbf3508a10a11282c1511b1235ed285c333d60c1e50f4efafcefe6acffcd143ff9511f042abdae98935a19bcbb7378b7c77425e454aa2ebeda1520f5201418ce7440e21a4f760ede88c56857db60388887db6e3859eb6ef29730721a4d712bfdc817d6a56570701fc807d2b82aa021aa370e21ed28da909d79c965bf845ed13ab373f7fe4c0478e195c97e073bd5596a6b744667fbef3b2cdbbefcfcf2a199e81e80fd5036da352bbac0a20d6aaaa405dbe638910420e0cb52e4635e65a549d08c4f59eb6ef29730721a40f10bfdc61f58a4ecd6e778dc63e6312bd404b86677ee73b23fd26de7a63e3b5eb77252adc6d4f82896bd7ef7aebf58d098a73ce19f94c5ea6177e4a54eaa1e83ee3a0e2725f45082107404c3f26eef7a8fd47993b0821bd99987e4ce2de67baf8390d67bc363a3ed13bfcae04df5d271e76e5e9478d6c687aefd50d3fffac7a5028d2f3ed19dc1499fd69f5aad7368c6c68bef28ca3feeb84c36a120d2ffc7ce8e90fce23361e158102e170188410e279c2e130441570666cd4999e86b8ddc7f655cfdc4108e9edf47ceee8b18fb62ffe3603b422108540046d47263cea3f1f9874f398c38fa96bfa7eb0e6fd57d72f3e72e0ff0d1bf8c190013dd086d3aa1bff63cbeea99b773f373ce3fba71ff9797a92f3b2877e3ef4f407ee0512d32989000a110836566e3c66f8312084106fb3b172a388e1ccdf442772aceecd00a21d9eebfd6d5ff2cc1d8490de4d5c738708a20b0b9c1500b1657a1a7f74f856db7ef5223e4b4bfaf549d90f1c973575cbeedb3ffe2ad1d4570f4f7b233beda38c40b71feba4dad03955f5e77f59df6cc88bc3069e7afed135893ec0dd711c42ba89e8dc8d022af60d9d106b1474f9fb2b781a4708f13ecbdf5f01671a5aecc91637cfb4fa3ecc1d8490de4f5c7387aad5437ae59a51865d9007584300aaa66a44356ca664a6baddb083e71b358de76e6b9858d530206caeca1ab066c880b599c95fa4261e7485c31b9ac7d4349e52bd77fc8ebd7bfdc6f2ecd4d77252ff9599dc8d6d26c42ba8fd1facb54aa6a5aaaa394372defeeb0abfdfef76130921a453c2e1f0593f98b0ad7a9b88c0101181017bc1a3d8ff91ee87b98310d29b8977eed853d3207e437cf63a03abb6944d439292067443eb0f1cc93d3f4f046a025033a230ed2100ede0610600d08be223f7348fddb1e7949d8d05358d03c2e6a7039336a4267d9192f8e58084af02fe9a24df6ebf11f21b614300f8223ac034d39acdc12d91acc6706e63cb510dcda31a9a8edbddb4d76f946626ff6370f2aa2129c1b444d73f17e38cc731de7a6727a06a9a10a81901a01ad12b2fb8e2b737de034208f12afff9c06dcffd7d21440c43c4b0e6722086a8c230a02a62d825ddef6ffb525ceddca10a819d3bd4842a730721a417109b3b2010c3ce1d80d5d7891887d44f5a430030c4f00960d796bad9bd21806117e401e2ac02303502671580c62c7ee8f53e2b1439b6ae696443d3517b9a0fdfdb3234141ed41c496b319323a6df540061431a7d467d82b12bd1b73de0ff7240c2a694c48ad4a4cfd2137704125c6f3f3d7d0f79fb140ed6522555d35ed569ad12525c79fe1573afff2fcee71042bc46381c2e7af837cffd7da108c400c4b0665a44acbb309dbbd5c533fd6d5ff2cc1d8490de49cfe40e671500c4309c5500eae62a80be77230021e4e0b196713aeb39a1aa6aab9a563781c387e45c7dd1f7278e9d30227704cfe70821ee120e8737566e5cfefe8a275f7afacbea6dd6499b750a07e7e94b00105dc7295f5f1f3928983b0821bd8a1ece1d9ebb1160d80523000e0110421cda4de658a7746a2fe98c9ed8c159f6d9fecc8f1042e24ddb7332fb742ae6e1f4f62d00d1f99b68695effc70fe60e4288c7712f7774320430d8ad2100bfb350c11eb66dab42a552fbab9a80405454142644c430a102554b5545d4ea2aacf280463b162fb49f4aa5f63d7510112b2296c259b7195dbd09582268fb5e2f7c8abeadcc1d542ad56bea91dcb16f3dae21c32e18216db703345bccd4411d6c0748a552fb8b02aa80a89a10b1fb075548cc264f10a8a9f6ab31ef1251f7db4fa552fbac8aa23502cbc3d9b6d9d9c0491586e194040c1155b4dbcc89dafdcadc41a5523daa2ee78e865d0d4642fbed005d5c0510dd0ed0ba5fcbda0e30929299e6f6680d954a7555550128142a80c29acf5127ae56dc04ac4740c7be2bb61e42083974daf64ed2eac5f68058de803827752280e59db8ebfd6a7f50e60e428857f050eed853532f7e9fb31da07d1417f702f0c3fa882ad63087a356844aa5f66bb57a3f35450cc034c450d31411c0143154d50080687958efd2b6f5b83eee4ba552fb80467b1551b5e64f9c88619fad2944a4f5844e040a3104aa86e5dbd6438da3327750a9546fa8577207d05e55c5958b7f0b6e074808e9047b26461531b332da6124f67b4208e901242a9691983fda44628b911e80b98310e25ddcc91d9edb0e505a3f9b584b20606d8ad0da29efbb988171c619ef07716b101522800a00855acba80c81b587b302e22cf884e7dacf38e38cf7edb888d81140dac4011518767971bb9dfd2d6ee70ec399e552e76fc9ca1d62df0860c5219e6b3fe38c33deb7e376ee00204eeeb0e3803a8301b2cf2d0087745c118875ed6fef3b185bc605b80a8010b23fec3e4ab5cdb71d962184901e413a0db613e21acc1d8410afe152eef0e62a0067c4a2fd2a002a954a15883dcf2f10c0d4d8fe4163cab8de4e2a95da0f35a6476a9dbd691ba7baa3cc1d542ad5b3dab3b92366158078651580d50655fba180d62a006b13050b7a7a7a7a55383636aea647da464f4fdfff3c1412ed8ca271f144dbe85b3df68d3377d0d3d3bbe67b3e7758ab00ac87025aab00d4dd87021e39792400f046004248d77173e09210423a42f65f84b80c730721c46bf448eee8f04680015f0c72ed4600b59ec70200aaaa80fde585111a7a7a7a8f7a78a00df4f4f4f4f4bdcb3377d0d3d3f753ef5c5fa335ee225c05400821841042082184c405afad02b01e9913859e9e9e9e9e9e9e9e9e9e9e9e9e9ebe677c4f63585b14c25e9a454f4f4f4f4f4f4f4f4f4f4f4f4f4f1f470ff7f00d3c7a90e55401859a80a909814417db440821841042082184f4015a42cd30448ce853010120a136d9ef4f70a53d06ec71082a954aa552a9542a954aa552a9715717e12a004208218410420821242e786d15805f0488de8a200a81da2d53c43cb6809e9e9e9e9e9e9e9e9e9e9e9e9e9efec0bc8808c41e01b09e08a0700f671580f55040ae02208410420821841042ba8996c66618d618406bd0dd5500310d11405463d627104208218410420821e420b1570148cc2a0037315415505505602954cd88b96f3c4619679c71c619679c71c619679c71c619679cf1af8b9b11139d94770b39eac25100ec1b014cd5889a61333020e04ff2bbd82c4208218410420821a457136e0a87f6860cbf213e11a37515407230332969802b4d329c1188361a6e6ae9308ed6110bc619679c71c619679c71c619679c71c61967bcd378b8a9a5f3f2eed0c12a000d9b66d84c19946af80c175b460821841042082184f452cc88b9675783e137c453ab003a88090034d5877ab829841042082184104248dfc0bea6767bffbf761800acfdffeded090d012086b4849a9bf734c7be4aa552a9542a954aa552a9542a75bfdabca7b925d41cbdbe1669f3aa8bf8328e196439854201eb5100a6aaa2a5b15920be44ee0b4808218410420821847489a6fa50a86eaf188618223e43acb976eb3f0040426db2df9fe04adbdaac0200440cbb7d62881846e3eec6c65d7bcdb0e98571142a954aa552a9542a954aa5523dab66d86cdcb5b77177a37dfd6fcdff1b0620b1255dc4590520f6ae84aa0a05546d030d378543f58d664b040044ac950c841042082184104208016086cd70a825b4bb71cfae86484bc4defccf10f18918060c8821318b00dc5c05e06f37082106145018d68d012600284c6d6e6c6edadb6c0d0ab8d2504208218410420821c4930804d684bf75e56ff88ca88a211011112f6c0de8779e4fe83cad105040053004aaa20255006a8aed5a0b134208218410420821fd18e7aa5ec45a350f312086c0000cd1e8ab50f5c64574cc2a000154202a1085aa351c20aa226aaaf525803d22e08dd61342082184104208216e615f4f5bf7f91bb1ebff457cf676003062b7027419bfaa464701d41e035031a00af11910d38e8b8821aaaaa6b38f81aab60e79809e9e9e9e9e9e9e9e9e9e9e9e9ebe1f79e7ca580c679dbf407cce16000231008135cb1e1d0370773d800cffeed16d020abb49aa6a4255e12c01b08250c0ed46134208218410420821ae634fa80baca97267da5f4444629e03d03a780000086ccc484a1ae0467be15745f45600dbab88a8a922863db8a110c370c6051470063f54b5fd7be9e9e9e9e9e9e9e9e9e9e9e9e9e9fbbe77beb1560388884021e2b3bc286008acebff76ef75117f4cb39d3609a062185058db01c21040455415227673d5294a0821841042082184f44fc41281b310400011583b00445fdff7badb25fc1d87ad56aa409cd10d6bf2dfbe0f00bcf827841042082184104260ef0b80e8827f89f15ec30f40c4bad087b53560ab37444d310ca82a0cd8abfedb95a1a7a7a7a7a7a7a7a7a7a7a7a7a7efe7debaf257d871e3ebcabb3804b0cf76809dc1edff082184104208218490afa16b33ff6e6e07686d61e88c4674aa7ebf4fc4300ce962792a954aa552a9542a954aa552fb83026a9aaa6a862391ae95770d5fc63183ac0d003b56559fe14ff0fb0dc327f6fd0d9d94a452a9542a954aa552a9542ab55faa080cc3e7330ca8a8697e7d797f4dc0ef4f70650840f2a61cd3e98b0abfcfeff3fb7ab03d8410420821841042482f26128e84236148a705922a06ba7623806a4723132a80fa7d0986cfb05635b83ea642a552a9542a954aa552a954aaf7d5f0193ef587232d80403a2ce31a1dad025000ea337cfe04775626104208218410420821bd9a704b4bc48c001d3c1dd0c55500d6243f5a55a1aaaa307cfe36712a954aa552a9542a954aa552a95d53c3e75785aa423b78d52d6257010860354e7d863f21d1df26dec1a205c619679c71c619679c71c619679c71c61967bce3784b733862864562170208a0eeaf020000a89af61085e193367185f3499471c619679c71c619679c71c619679c71c619df6fdcf009ac85f666bbf2ae61388ffa03d4dea840550df1b5c621f4f4f4f4f4f4f4f4f4f4f4f4f4f4f407e40df1a92a20106bd3fd6819d7f0651e3bb8f53b0554a19a90c48d00092184104208218490834704e1e6166b5c40c4191c00fc3501bfdf9d8b6e7fb41522aa2aaa501322ad370288809e9e9e9e9e9e9e9e9e9e9e9e9e9efe40bd9a2246f4ea5f62cbb882b30a40a1b09700c0341392129d9b190008a06d9571c619679c71c619679c71c619679c71c619df4fbca5a909622f011027eee22a00c99b72ac08603fab40cd886ac44c1998aa0a910edec038e38c33ce38e38c33ce38e38c33ce38e38c7725be677783f80c31440c11b187011237a4bbf544006b15804055156aaa2a3462260492d07e24834aa552a9542a954aa552a954ea01687363130c0302676c40e0ee2a8011171d0b00f6830a5423a619d6d4cc54575a430821841042082184f4191a6a1a0cbfd80b013cb00ac0500580b6aafb44a8542a954aa552a9542a954aa51ea86a8771b7b0560108d45415354d8da8198ea466a6c3034b26a8542a954aa552a9542a954aedbdda505367f87de213310c11851880babe0a405b55b57d844aa552a9542a954aa552a954eac1a9ee1b778d7d560184d50c475207711500954aa552a9542a954aa552a987a40dbbea0cbf4ffc5e5905e0cb3c7648eb770a98aaa6262627bad21a4208218410420821a4cfd0dcd8ec3c1110228000806f57925b4f04f0db4d68459c2f4208218410420821841c0ad2f62adbe56b6d3fa0006234fa45c8d7c2df114288d7e0f035e945308d1242bc06d368bcf0d62576eb2a0011ab5102888844b72810013d7dab476c5c55eddf654fb48d9e9ebe5f7ac3f60275e2e295b6d1d3b7f7666c5c61dd27ea91b6d1d3d3f74bef5c994aeb79be78a56d7dc58b48eb2a80d86b6d57886e07a8aa70b603345307a5391b1858d0d32bd4f2aab171f546dbe8e9e9fbb997562f50c0b09c27da464f6f79b5bca9b171f546dbe8e9e9fbb997562f10fb25f146db7abf6fd8556ff80d673b4058832d2e6e07e897d6bf6f4004a262ed528098383dbd0a04d694bf684c3cfafba36dfea0a7a7a78fbf97985eaa5dbfa4f66be281fe939e1e629d105a63e8a231f1d6b344f1c0bf297a7afa7ee5a31d55dbfe4a80e84040877996fe00bd757d2d12bb1d606c999ec66f2f425068db2f426cec5f06e7974263e3fb040921a4e750c0cea1b6881316d8b3abdafa3221eec0344a08f1284ca33d847d7dad5ee9edfded2748ec210ad71a44bc45ebac05ec590b01b4758c48609fc078e3f79910d2bf1058dd54f49cc5196c8f7959c0d317e21e4ca384100fc334da3338ab0010b30ac04d5a5701c0198b8e55c0dec6205619ef2f71132230552d6fff5a3871356d6fbd2088a9c123ed679c71c6fb681c4e5cad531551b537051408549d309c0b2f75bc37dacf787f89dbd7fcaa0a89a6508d4ebc5989d48e6beb2fa867dacf38e38cf7c5b8c4c44d2b899a6aad0010434c85180afdffec9d7b7c14d5f9c69f7776b31b904420a081d04ac07213a128d00aa85cbc0115510115ad977a6b45f955a5ad15abd67a6d51fa51a1b54a6dbd8ba0a8455414a80a544054446e55122b0928090289926c76e7fdfd7166662717208190d924cf577cf3ec93d9d9d9cdd9f79c39e7cc1988256ac374625a226a43ac9438fe46eac39c5f6bd20f10e97a560f53db289703a4aea2bd0689ba0f9ce26b3b972c3aff39da3c576bbf7f6a6a6aea03d25e92820820306b95785ae00a71b7318f53e5f8a99b8b56716e9ba30a7837d1f1ea5385e91c70b579aea6cef153535337512d9e368f44c5afc55952d7ab3f9da748aa1c7fa3d3352e0798f6df8cc096035485883ab7a5716a2685a9944cbfb5d37b41ddcc34dc968937e60f379a1262439c110cdbdd1e10e77601e6a9a6f807ff5ea8a9a99b8036f904957d4b552196a8422c28d4b260db6259aa2ab014ce861051b5c5d93ef0f742dd1cb40d115ffd08dba9376d88a86d434cad2aaab6badbabb20ea5a6a63e14da5787c21dbf737c81ba15a919ff87d880af6ef5c6ff9d3d04fd5e1aa536e7d72248fa01225dcfea09f7c45f6dd5b8edce0220cd1835c11bbd50a8af7748d1b15df6c451e70f1d70726ea7cee15038d88325843473e28978de96fc252bfffdcc6bcf15166d13019cfbef7a7301cc3086379041c82186d52821a4f1c06af450e3ce02b0c4723f5820edbfad829a05e05d0860ab8a7b2140a255db4c77020363b38caa6eebc5291bbe88f1a79e7bfb35bf63938510926ac413f1db67fee1858573442ca7d5e24688002ab0dccb0118190f655451988b6815ea7401b8d11e7fea3856a3849014c4ad46e78a006289a8174ded2970ead394c8b48d2796eed86d8543ee85000ab110e88500a1b63dda271f2960abda88b6880202a04a946a0efd26e82b1cccad404ce15598818bf1a79e7be775bfb72c0b84109262589635fc47c3be2afafad3cfd739e7fd6e2f8000fe818c54c9b7f49ba4afcedc4f28e02c9123aa8002aae34f1dc76a9410929ab8d5e8579f7ebedee43773237b33726dea4f6fd19d94c8b78dc48fed8949c89cff3b1f2920a11d917038d288ab0900002000494441540d4160c139e1ab14b59a43bf99faaa50b5d5740ea14356f6edd7fc0e841092c2dc7ecdef3a647570a75cdb50380b99a4485ea5dfac7cb5a150b50155d5ecac0eac46092129ceedd7fcae4356b62a005bd5391d48a1bcda387d688d7e3058c91e0b418dbd17d4cd502b44143063170a51a80a542f1c7d01272e1242529c70287ce1e8f3619a2beaadbc03a8331e1b788ea56ef21a803b934e4415eacc02b870f4f9ac460921294e3814be70f40550551578e7fe10283435726c63d4109f9fd4c1909c87e65f96d0df2941dd7cb5fb9d37fd7faa3a74c0492084909467e8809354d519bb00a0ace3a883d0ea0dfcb01a258434264c35ea8efffb2601049e571badf63f08f67600305d00e67a04f71a49e7c24900e2fc335a7c9a7ed3f51502757d7556fe34be223727b7fecb202184d437b939b9a210f577c3034ed253e3079f6fe937495f4592b5a72982aecf6a9410d248c8cdc9154d2e10e69d179874074d8d7cdb887c81698c543aef0e8e30dc7e1d770d7867c15a54eeeb716e6b43bf79f85e7f1fbc19008002e130a72f12421a01e170d8acc62eeadc93d7b45d54ddc64bcae45bfa4dd2376d2a670bb765c56a9410d2580887c3b6e9cd34e700e2663c474beae4db46e1ab3a4d1077fcdffd7d4084dd4b111410886a72168082b159468588e778e5537d9a1042521e5115756f08a80ab10430998d751ce3218dea2f636a3b255211fcd44f4208a935a2dea9a1733b5d2fb379f529632da3990560c6ff459c918900ffb89633de5b3d82b1d947a73c28fcd3020821a431e0a62d85bf720b3caf3236ab982c7bea15414208691cf8a7888367880717b5c6181861f766c95067f05792172b008ccd30aad1aae274f94115a2b003edac2284903aa322c94b174514c9656f00a440be656cca51551d696eac03b01a2584341e14b054a0deb0b573a208c0bbdc9db1b6d19b06e07e84c1ae06105655117f774472d4579002d326181b3cba7f7dafefcaf9c7b60b21a411e1262e8754c8ae8ccd26aa8970a2bf26258490c642326ba5405e6de4d1dc5f5d55e08ebb075a2170160063d5a8957512676d6d4208690488b9b7094c8de6d56b9c05c0d8d0f5a957930aab51424823c2578dba35292a4730d636a6d82c00abf2591e35756d342184340a34357226357595a24808218d8214c99f4d5e373496db3761a0a6de9b268490c6482ae44f6aeafaaf4fcbb6adff30bfacde777bc0ecdcb26d677cefbf8eefcc5bb57edb3e362084a43aa9903f9baa6e68ac005f9ba432553ba60ea2a3eac37b06751870d787b5acf8cb52a841430869dce83e1e117268a9c76ab42676be78cd7117fe6d3d002c9ed2abc3e8199fd5effeebc847b70cef79f9dc9d55dcbc59633af49abca80cc047d3460fbb65116b78421a17ac469b28614f997bc127b552d7933eaccfa557df74e90f7bb44b8b156dfbf8d959d73db236e3d23b164ee9018ff71f3bf98a85e5a36e5c784bfa8c7177ce2e749f9bd1efd63953baccbdf1d2bf6d43cf0be6be7076aef79492ff4c19fac022741e3bf5cacb4fed9c93819282cfe7fde9f1a2cbeebebe6f087ede79e4e4878ef847f5e7e69cfd8f1726f4898680b29282fcf79e79e18127d616d7fc5e6afd9d5f744d87117fd9967cdceef2f95b1f1b74e28597b7ea991bdefbd33c164fe93271e7c35f3e36aa361b1342c83ef15f6857b58ef3ebd4a92fa80f58b79bf0d80337b55f3071ccb31b8c1f3de6fa176efe699734a0a2a468db86f7973df9d0abef6d89e55c7adbdc4bbf9e72c65fdf2b739e9b71ee6ffe75ddb7bf3f73e990572767fee9ea29f36359279d77db941103bb64a07c67c1bbaf4cfde5820dbd26ce9d3dd6578d2e9f3274fac7a37ff3e21dc76700282f29d8bcf6f5bf3d3d63e1d77b394ed496b28f664df9f5fd7397e7ed447a871e8326defdf49da7b6decf737e30fcf22b7b0ecaaef56bd492d267ceed70e18ba595cdf4518f7d39fff276b5dc4587e3cebefcc276b9e9f57d68849006a0521d5ac50f3ce7374eed11fc72809ef21f07753deabe67df765dd7bc69d3ee78ff9b48a7a3bbe0ab180020b679fe75bf78add06c535e52a29ad53e3323e3073fbdf49879777d1a038050eeb9678fca492bc86c1dc1b61880f20d332e7ae8f5dde62965dbcb43b997feeca693f63cfa9b5b176d41bb9e5d333617acfcbfebdfcb0ca1fd29d366765bf4b399af9520b6bbb8a4fdd9d59e0b44d333f0df19631e98579e91f3c3936f987afdade5bffebfe7b6d7f45e5007d2cf7c6cdddf46b7303adcba75181832e9ce21b57b72bc6c0f67091242ea09d564ab4535d984a9aa41dde8758f11637f88120c9970d24b77bc63869a231999b1f76efde5efdf41fbaebd475c326eda5347df7be1b4790b576db8ee27c30786df7ba702009031e4c41eb1f7fff25e0c430040113d7ed21da373de79fcba5f6e2acac819d0f5db02f35ad5aad18cccc3a29be75ffdb3970b33db773fe59cdfdef3cb3d5b7ef7f7f5f17d1de77e882fbf65fcb58b4e78f8e995c37ba597e57df8e19e1feceffc1f40a75137de51eb97a83dadce99f5dfad33e240fec3e78c7c6df82baf5dfb03209cdebab6e7ff00d2fb5d7667bf437068849006403579d6eaab36abd5add4b5d6357e6e816089403c00493ef6f9d407aea39db2734ad62f78e9930d795b3e7977c9cbef1689f93a95979514161516161514161516978b843bb53fac64f397f8c94f46b71711417acff32ec8ce5bbf3df388c3cd3e8144695151416151616151617169858472bab4c7faffbcf0eee6fcbccd2b5f5bb838afa2b4f8abfcbcc2bca26f6348ec2e2ccccf2b2c282eafe9b9e656d989d2925d3b0ab7ac796df693efda7d7fd43d1aedfdeb797f7b7ad20fdce3775fd9bcaf5a95a9f4161db21d5ab74b0790f7d0881627dcb51ec09617a79c765c97f62d5ab468d3e59ad7cae2792ffe7a74aff62d5a64b4e972e22dcbcdc9ffce59a3d344443a4c5e74a84a3d21a419e0a661f812738ad40bd4f5ad237d7ff2e39c8fe6ce78377dc439fd331d1f0062e5bb7614176d58b164e60dd31edb7ecca4ffeb1f295cfdf686cc0127f68a9ae766f61df1a38a956f7d1213b7dc6476c8c9285efae2bbabf20af3d7ac9cfdd2ba52b343244a8a8a0add6a34262200cacb4a8a7715e47db6f88957de2efafec08119e879eedfdf9bfeeb1323eeb125ab51f3739fec5cb77e5beb41175c38bc476e76e79e279c3d71786700d8f9eab5c77daf4d8bb4166d7e30e2da27d7577dd647b71c97317a561180b2e57f1871dc0f3ab469212dda741974d55d775d33fab8efb56991d1e1b873ee5a54040088afbf7f54973619d222a3c371135cb34aedecec37bd75767676a7ececec36005ab437ba757a8d7b00105f76d7891ddab468d1e60723ae787c7d1900943d33a145971b961fe897981012245e2e755359cae4fc46a8bd3ac0ef0788a50af50034f9d8e7531fb82eff68cd8ae8c05fde7bcef01ead92bea1d2f69291d172f747ff9abdaedb59677752d58c11678c285ffae8c29d19ad5ac27d56e5fdc73e7e6743c9c073ff74e389c76659558fa1f2feab3d5791dcc4cae8317878df96b1dd7bb47c57defacfd76fdeed6ee33edbdbe74151b47ad1f2f4cb5fcddbfae5fab76f1d9ebef0ae494f62d2c2addf6ccd7bfb2f97f73453525a4f9c5bb267cf1eddfac0f0837d39424833c64bb7be449b22f502753debc831679d92f9f1fc450bfeb526f6a3138767193f590ea0aa65790be6e767f4edd537b275d1c24ded4f1ad027a2504d1b787cdff2356fbdb327b9fdf6b52b36679d35f5e7179dd831cdf75abe42e5eed37d0634da79c88ffbb44b94ef8e61d7b60d1f6dcedb9e708f33598daaf794bdd26ef8a813cb9ebee1c25b9efd709befb2f9d60326cd5abc7eebd675af5d95fef4e45b6615ed7507799f2cdb396cc6fa2fbfc95b7863870577ceda79ce8cc5ebf396df7fdcfa3ba73cf821008473cff9e3fcf579dfe4ad9c3168fd9dd7fe713950ad76def741d6b80700e19e13672e5b9fb7eeb55f672f9a7cf98c0dfb79af84901447dd5ceae5bc00f37c63d75e1de0f703c412a9d24951a9d7821c3c850b6fb9fcf1c5d141b73d35e3d559978cec1a111101223dc7fce38327fef3c113fff960c6ad274544c21999e9b1a282979ffb30e727a70e4cef30f69c9e9b5f7c7355e91e1c9e7984888820dae38637cc531e7ff657dd44a4f4edbf5c7dd392921f5df4b7371efec71da7f448f7bd2e2af733557bae6b3efe9f0f9efaf70bbf1899b9e189e73fa9902d736efee35daf7fed3dcfd997b7cffd52f6eae51ddab769d3be4d9bf61d464ccfabf6fb36d94767b76e979d9b9d8e8cd62d4ab7aeffefd6b256ad737be7ba931d5ba4a7a7a7a7fb2f522184903ae3a5c2642a234d93e849834fccdcb4f8add2d2f756ac44cf913f71ea4c7f391091a2eddf22333353a470fe8a8fdbf51bd12f22d26ac44f8ec13b4b97c6fcdb7ff1f76bfe38f3a3d663effbe3c257a64c3aa99d797a0dd5a8a9ca973ff19fb54fccfdf3c82e9b5f7f7ac11ed9baec4fd73d3c67a3edbe6cddaad1dc492fae9efbb30e1fde3d3c37f7b80bfff05a9ee908c8eed9efe8ecd6ed724ff8c585c3e3ebf3f6bdf25fab0ed9ed5a67f7bffcc261e97b5ae79e70747676ef89978fecb07ead19994fcfeddd33bb5debec1ee75c7e766ede6779ee127ebeda793fec750fb9c7e66667e79e70d9b5e7647fb8ec432efd4748e3c64d62ac46eb811a2623063a0d20ac6ecf36204ea7b63764ecfef955cd0520ea6afa75f277af5f32fd178b1fcee9f7d33b7e71dbf444e1f8a7b600b1cd6f4db9feed425585bdbb20a6c8cccc0895947d5bf2ce1baf5d77c3d88bb573d7b54ffe726bd949df95475ab63283f6e59b9ffcd95f5f2b0160c74ab6435511cb5bf8fc94b7e6b6eb73fa4d7fbceca19bbf197ddbea0a7fc7923a7f4defb902bbdc3c5715e59b1fbdfc2f8bf5b8dffcf594bcebfff8d4fab898be2a78c31dc93dd4b6b72a7dd8b4653347a503408b16edf6b93cd1903be7ffed9629770ccabdf9b87327df39edba136a71c9232184d40a551588c25cc2a88294aa17e8d79f7fd890d1fd323e7af6ddddaaf8f0ad772aee3ef5849c7fbcbcc5abb1dceddbb5cfc4eeaf77ab62fbf2052b264c1a75ec039f668efc51d9dbd77f1af3d770aaba7dedf377ad7dfefe4e23aefdc5add327ef1efffb278164152c5ab1eb2bf384d8e6b7a7fcf28da21f4e7868321eb8e2b99565aa5051b8e5cdad50eb30992e3d77d4af1e1ef5ab69db16cf9874d5b923b6ce5d377378deb3b74c79e0c5d59f6d2d4b6f8d789bdcfdef05407aeb56e965ee4d765ab7698d0d7bca80f4a245f7df70d7acc5abf376a2757a194ed853ab9df9d9ef1ec2addbb4c6fad29d006b75421a374eee554dd1fcdf887c733ee59e64f9b70984e42c0000cee5de9507905d0da17f507e45e1474f3df49fed393dfbb43717107e57b4f9cbbcbc2df979853b6222382c231de5a5e588e5bd3c7fc7f0c9a7642c5cb4a85424168b65b6c84c3797eec78a0ab7e4e76dc9cf2b2c2caaf0ed3f51bce68d992fe667fcb0774fef750dc9c3719e9be77f2e62a50505796b5ebbef919d236e1cd3235afdf851e97dd5aa4cb56a93db3937b7736e6ee7ecec56fbde34bde705d3e67fb275f503fdd6dd7ace94056508a3457c4f19570424841c344eee0244602e0c4fbd7a817e3df899fd47fe282332f0e2b9cb1ffff7f2bfdc7d4acb488f8167740d276b2cb3717ad7b1a33b977cbc6e4d4c20bb16fdeb239c3464f4b927f4ddbe62c1fb154e7de7df5e44ca0b163dfccad258d781fd220224abe0cd0505c571e709e5df16e5156e7ce9c999ebbb5d71edb1911a8e13be725887319ff4ec6137def9b37e5b172efa70cbd353ae79b1f50d6fe77db3e79bffde3faaf6cbeb875b54f796df7dc59d5b86cf5ab9754fc937affda267adf7559f7b208434164c6e0c3ccf37011fe29d6b27fd06f91bd68ce58df102c9c1dfa4c378b031d267f8cf2ef8f1801e9d3af7ec33f68263db977c5db85d1540343d23a77d4ec7761d73dae7746c9586f46806cacbcba0f1cd2f2e98f7feaad92f7d1a53d5928ab26834e2fc594219edccf6ed3ae6646544accea3c65e34ead8ee5d72ba0f1c34e194ef61cbd62ddeab1bdc23a9f65c671b05a0f1cdcfcd7e3b7ada2fcfeb08ed34ee9edf4c3deb889adf513db36dfdf2b5db7696a14dcfe3725b977db3b30cb93d73e3cbe7beb07edbb6bc0fd76edbff1e0821642fb8f51ae0d66e29502330d67b6c75e28001f870fa4f6fbeecc25b2ebde877132f7a6c5149e711238e347ff9c8e147e474ec78ec8923ae9f31e5a7edd7ccfcebaa7200aabbdf7ee7ddf21ffef2ea1e79ff5afcb1b73743ab63c75f3562709fa33a77e932f8fc138f8d14176c892b00845ab5f76aedb6ada2fe92563cef4f6f95fce4c2cb8f0d69c7c1bf7a68f2853d425e09f495c3fdd6a4a5cb674d7f66d147ebf3b6e4adffcf33335e599fdeb3672ecacae268112f2b2b2df37591a7a7b74adfba61755e1da7db3bb7dd899795959521ad6ecf3da83da4b74847deea953bf7bf25212465083ac3379d087f8de0f70322ecf543a842200ae7fe0fc2583f31e3f0237f78f6e08b6f6c9b11ad285ebfe6c95b9f5e14932c20d265f423af8f76fe0ce51ffc61d8fc8c682256968088142dbdef8aa5307b282b8b45db67001041b4c7352fccb8c679cece79d74c79bd7dd75117fc64524e46a47c67de476f4fbd7bd10eefd50dee91547beeb57f2802e08e8c957ffad8739fcfb96aecb07f2dc9e9d1a5e7979982af9c792c22a295e7b4d417651fce9a74d5acf5db76a275cf41e3a73d7c766ba45f78e7cdaf5d7ec3711dca5af71c7fffa2bf4facf7fb1c13429a094ef6331a81d7058c8726669ef2936362effeede5f50525ce1ffeebd90bcf79f0d4215d9ef8b4747764eccd0f0cb9b92256f4f586156f4fbded954505b65beb7df2f25b3bc69effcd82970a937b331c9ed965e0c82b2fcdceca404941fed287fe3273455c7a02d11e93663f3cc9d968e7bc6bae9de92f69796f3cf9ee88dffdfce4d90f1ddee3875dd3da591011b82d2b01b4f2abd4ccce6ff2963f7cff03ebf3b6ed44bb9e834e9d32f78f976767974dfbe3b249b70eeaf0b39d486fdda1f3f01b5b01481f7ed994e3ae9a72e14383969dba9fbdfa19feeb872fbf6aca393d6fd9164f6fddba43cf0b3ad47e56c141eda1c7c42967cfbdf1e229c3fffb581d26321042022525f27c938830ba5a6b2428e407671f0300aaaad084da09db8edb196d32023c261224eea58baa0a85daaaaa9ab0d556b575d3824f833e3e4208a915dd461e2396882512b244442c71ae7673ff23e490c06a9410d22460355a8f947c5362852d2b644948449c1e81d0c696d168cb408ec702006f98c48d6eb7047dfad57d4208692c9865544c1e731dff6f5325afd26f4a3e7cbef3c82b878410d258f00f5f079d579baa1f18a60b40ab4477ca37fde6eb8bdf077c5b12424863c19fdf4c7dab557e9b0af9967ed3f2617c5ffbaeea6f092124f5a97c0970f2ec2095f26d63f70383b300e8efd3772e56717e0f4208694478394daae437783a85f22dfd26e2a392efd59e815ef649082175c5ccf9f71e981f48ad7cdbd8fdc0e02c00fab5f1e1730821a4b1b0b7fc86bdf8a9906fe937761ffbd89e10421a0bd56701a45ebe6dec7e6084935d128002222202313708f07cea66a4d52b108e2f80407de5841042521f31f599f3d368674c435029a7a546eea56e325acdf04ed217a77d15f4a80f2184d4816a75a813aa54a229937b535a8bf83f4f404403ed04083b5d126a3a26545555e13e486e47dd9cb4421dcb2b100034e8fe2a4208a93d0a858a65ee67aa0020e2e53a41e5fb9c5253d7a35624effd6caa5181daca6a9410d29850a8409c9344f5d7a1552bd114c9bda9ac4d7520a83cb52238c295c67605de2c80e00e89a41622508125b0592a08218d0711b1bcb10bdf1806783723d2b0b01a25843446588dd623c98fd0fb1803c5f20ff8535357d25001146612a38a483c1e072184a43cf178dcacc4a6503889cccb7226a6408ea56ee21a00a0489643b01a2584340ee2f1b88898dca53015692ae4d5a6a683c2722f8f04dc5501a8a9bd6b55aaf87905f92084909427af20bf5a4e835841e755ea66a52d732b8a4a3eab514248a3c024abaaf9cd3939488d1cdb24745058febe6a464627c2d522aa0211854064c9ca7740082129cf9295ef98aca510c04493d350d38c0046c6fa8ccec8bf539fba255044c16a9410d23858b2f21daffdef9c0b54394760ac97fa22202cb71f82911100c482b8daf2399605113c33ff394e622484a438f178fc99f9cf99ac6509cc48acf8739d049d69199b70f4952e711d4b2002cb62354a086904986ad4642d01c402bcf302493ac1e7dbc61f83c20af2c5498ae216497117fb30ad1891ad45db6e9ff987200f8d1042f6c7ed33ffb0b5689bc95a95929843a0b52e6916b01a25843462588d367942593d8f803333d2b9eb83da1a6d910ec0fd037b51aa39f49baaefbb9db1f9d2ab1a7fdde71bb6156d3be9f8132d8bfd478490d4221e8fdffaf01d7316be28628905110b968858308b9b089c268c049257e9372bdf0401d40cb7889adf62dde7ebb6157d7dd2f143588d1242528d783c7eebc3bf9fb3f02511733f00c0b292ab0038ff7bbd0268d8bcda88fd58594c2c4b2c11cb12819947214569e1701a82c07401b8981bd8da76b4453490a321a986402170cfff9d52bceef3f52fbdf572453c9e7958c6e1ad32d9882184044b3c1efffccbcd2fbe35efd7d36e5ab176a598137ee75e4680e5e62fe7bc8cb732220d807395a7297be25ef3e956a3eb588d12425287fd55a36eefb9bf7b93d4855859b95822961995701b24c1750148b7738e059c1509ecb86d27d48e2732db667a4b148880bad9690544559d5e21016cdbf40f01aa6a9be92200546d987b5a081ce1cc16489df7424d4dddc4b47b89b5aad31cb12c51c08cf35be6ea7f3368e1ac040011110baacef97f0abd17eaa6aa01db3c5024eb4a55009a50835bb7425545a036bc8e83e08f9f9a9aba096bb364891a05114f88199c36e7ff96058578756bf2a956d0c7df0875c937bb436921b144429608c41255581bd2a3d1960802e9764e6f40a0b6aa68c27401c433da1cee9dca3136c7689a2950a87b6aef9cffdbaae28ba69d22aab6fb2cff7e0821e450e0e619f7c4df6bbb548b1644452c7371939829d992023996b1c94715c056b76654b5a126c2f4a1fba353cfba752eeb5042c8a1c4976744005f2d29805822ea8b707c08c4ed779714c8b18d2d967cb3cb0a87ad90e902508805a8b5a145505d006138cd22f78f6b7a8004aaeedf1b9522fd66e19ba6b2f19cc109b104aa9628a0e65e92962ad45611a8869c52ae55f65f15f51619a04f9f3efd03f7054e3de5a61ab78de2d46896db0b00dfcd00d432e31bce1edc98a279987ea3f6056a9b769ec05c512710b55415b688984900aaeaf511c0cc0580faf703a4d6f78e3e7dfa4dc317c0ad196189a94f2daf1a4d9e10aab91180788be9389d00a9956f1b83ef355744922d96aa7f9e0624ecd540aaa60682aad31bad957aa393917e73f1cde004141031a31900e0b64f141011cbfc5615a6071180424dd2a861fff4e9d3a77fb07ef2a45f05ce5c00080081a88a6546fb152aea2ec1a62ab020299057e9371f5f142a0a1b105369aa539e4d7d6a43c59b93925c5ecb4cb6f5cdaa4b95ef1d7dfaf49b8ceffc1680d36deef457422170c7facdd3dc16bed745e966a7d4cab729ef9bf36bf3f9091c290d72b65f23d2fddc63013813d29c0b0112196d32833b24923228cc17ddd5309d43505769958dfc4facf90121841c1052a304bc810eef1cca9ba828dec6e26e404883c26a9410922ab01a0d92926f765be190b91000e27cb6b23eb0b500c24eade3d44cce3ff86a23097af904eac0349cee3e88d74a11312b16994e43cb3c00f6b5bc96a4c47ba1a6a66e325a6af22100d45be248444d8e323dede0f245d401691511b51d0df340018853544d03ac52f9f49df48b40dd81a2e0df0b353575d3d05229cf78530400c0d49bee4393a34cbf40325f057efc8d5027a3f3794235c81e15ff2c00d144c29d0570b8bf02a26ed65a0198a98c00dc4e01984253699bca23152973fcd4d4d44d4aa3aa2f8e1600228eef6c28927c5e8a1c3f75f3d3cedc59757caf6de85c1a90dc069570b70ffcf8a9a9a99b9496aabedb21298059a60eee0378970548ea1c7fa3d4d56601588006380bc0726a2205a0be5e0a6aeae474457341a3185f3cdf99c3e2fe70f2853a5120a2106a6a6aea7ad54e9e3139c7cd4280d946dd04669294dba849895c4add6cb5a8c22bbe4ef934965b878a579ebd129e02df356a6aea26a9e1b4ed9d3ad4ab4945214eee12a842a0a607c0496681e7d246afbd0a20e907859905e0deaea6ea2c0061644c46770d904abe067d548c8c8c8c902ab7fa136781d2a08f8a91d11f4d7f80b340a0ebef652929464646c6068d956b4c0180aa752be301c7926f76b9b30042deed8a039c05c0e500491dd1a4d27d6c4608210d8b78c1f793909483d52821242561357ae848b9e5002bff85bdee0afed9c95ef08a864ae552c2960c21a4e1917d3c22241561354a084921588d360ce246f13d0c8cb05be55489ac87c8fe608e2084040f6b2bd26861354a08091e56a30d436a9d65d73c0bc07f23373ffe9b1cd0a74f9f3e7dfaf4e9d3a74f9f3e7dfaf4f7e9bb4b17a7c62c00aba65900e6b8e9d3a74f9f3e7dfaf4e9d3a74f9f3e7dfa87c40f04e97e6e1f1198e500edb8adb66d57d8196d33d52c0c690e909a9a9a9a9a9a9a9a9a9a9a9a9a9aba8eba64c76e2bcd12cbb2c2ce7280aa90f5d1a096030cb5eb75a4393828a0aab6aaad91f46820474308218410420821843419cacbcac512b1c4ed1b100052140e87d302399eb0d745610e46040254320921841042082184105277ccf9b5f90709fe5cdb5285f907b8118eaeea2b7dfaf4e9d3a74f9f3e7dfaf4e9d3a74fbfd63e6af683427a8ceb0388590b4013093ba1662d00407d6b15525353535353535353535353535353d74d9bb500ac904828048188008a7581ad0560a902505505d4d1f069a5a6a6a6a6a6a6a6a6a6a6a6a6a6a63e205df3f97560488f717dcdb140a109db4ed8ee2c004208218410420821841c38ee2c004b42963b0b005817096a164018305d100a08a0ee3fb811ae4f4d4d4d4d4d4d4d4d4d4d4d4d4d4d5d27ed45adb64d008401f13d14f71faaf9d4d4d4d4d4d4d4d4d4d4d4d4d4d4d475d25e949ab66968ac6a3d138c8c8c8c8c8c8c8c8c8c8c8c8c8c8c87340683e5f54988809a9a9a9a9a9a9a9a9a9a9a9a9a9afad0eb6008b5eb95ed48055455556d8db48806784c8410420821841042481320b6a75c2c31ffe09dff6f0f85c369811c4f184e478402028188884004aa909afa26e8d3a74f9fd4d565e700002000494441543e7dfaf4e9d3a74f9f3e7dfab5f1c5bd0b808840d49c7d07782580330b401550a8ad6aab26380b8010420821841042083958cadd590095fa06380b803e7dfaf4e9d3a74f9f3e7dfaf4e9d36f62bea4ec2c0041721640b46572168048f200fd6f863e7dfaf4e9d3a74f9f3e7dfaf4e9d3a7bf0fbf7c4fb9157247da3d3fb85900d273fc0f01a82a149ab0ed846d57d8196d3302391a4208218410420821a4c950b2a3c44ab3ac9025210bee8c00fd342d1a6d19c8f158aa0a68b5e8f4583032323232323232323232323232321e6854a08633eea0e02c004208218410420821e4909072b300007f0f4490bd11841042082184104248532455cebb2dc0b76441254d082184104208218490832755cebbad005f9b1042082184104208210d06bb000821841042082184906601bb00082184104208218490664118306b122a200a888baa267d4703007dfaf4e9d3a74f9f3e7dfaf4e9d3a74fbf36be01808840544434d09b0286da1f930d40155040556dd584465a44023c264208218410420821a40950bea75c2c114be0761300c0f650389c16c8f184c57f1c22fe5e0a4208218410420821841c30e23fcb1633071f014e03b0545515662a4295489f3e7dfaf4e9d3a74f9f3e7dfaf4e9d3af773f28a4d7847ece41283461db09dbaeb033da6604784c84104208218410424813a0644789956659214b4296370bc05e1b8e465b06723c9c05409f3e7dfaf4e9d3a74f9f3e7dfaf4e937a81f149c054008218410420821841c12526e164020af4a08218410420821849006c6df0520d4d4d4d4d4d4d4d4d4d4d4d4d4d4d40da20320d4fe980ec947aaaaaab6465b44823b244208218410420821a42910db139390882562999b0202807e6d85c369811c8f99052080734d02353535353535353535353535353575bd6954f70383cb01927a26d2e9f41b2eba6c64f7ce1956ac78eb9a794fdd3063e3a0bb1ebc7764c52b936fbcfbbd0ae0a89f3f73c7a53dd64f3bf9de577a4c78ecee533a67b58c20112bd991fff18abfdf377b4941c2dd57dae9d366fc7ef8b773aefef583d1cb5e7af0a4ace4cbec7a65f22fef7eaf0238bcff4fcfbb746cdf3eb9ad22b1ef0a377cf88fbb3f39fed149a75729c11be69c3f715ebef730e3e87193ce1e37a27be7acb458c98efc956ffee9e6059fc4ccaefaf5c96d89921d1b572e7d7afacb4b0a2a80b6e31ebc6bf2908c0880d877c505f9ab5e7bfd91275717c6101972d55e8e8a10d2e8c99870d3c29b7ae6cfbafdfc1979405aff5bfff8f0d8f437a64cbeedbd131e78e7aa41dbdfbffbe7335f294800474f9efbbb89391fdf7dd203af0fbceaa5074f8a2c78e8ec79dd9f78e4b48e95775838fbeef3ef5d170be6dd90c64164c08419779fd23dab65041525c55f6d7c77d123d3dffca4c4fb7deecfe7de7e696ec527d3a75ef9e4579101173f574331bbf777e517cdfa698755f7fee2dad9874dfcc7b4c93dbe9a73f35dd316ed02d206ddfae707c6c257815e70f584bedd733222b192c2cd1be7dc3be39935acc29a2b39231f9d7be1b1912dcf5c3af5c1355e4bacd6adac4b774c7ee7aa41dbdfbcf6dc2756c510c91df2f3eb4f3fbd6fa7ac8c4471de678b9f9ff3c8eccf4ae0349c222b9f9e74dd824d312067f4a3af5e70ec9a67cfb9747e6143bf61421a90545b0e30ecef865088400caa48fad4d4b5d4e1ce175f3175c2d1b10dcbe7acda15edf8fd685151059c4d9c592fe2768201126d9d95d532b666f1e3ef1667743d7ecc19a3ef90c2d1d7fdbbd4d76506ef7b02c4362e7fe6bdaf00007b3616aac861fd7f33f5fe091d519cb7eaf58f8b7178f7ce56f9b62dcb66cf2f8e86daf5197c5a9f96854b172ec94b60cb67c55e414feb7ae943375ddd27ad346fed9befee42fb8edd60efa8386cf04d53ef99d011059b96cd2b88e5f41a3a7cecbddd8fbcedb2996f1685a2992d23d8b16af6d24d68d36d70ffd327fd5fffae8f5c72f3b292aa4755b6b1509df718fcdf829a9afae0b4838808d4e9be172f93e4fc68cab4aff32e797e6d45325f394a5051b876ee53155948ef367244ffac1dabe6add8549a28fe787b45a53a3705de23758a6989b6ee98d51279ef3fb3b4b4e380fe43c75edc23f3bbb37fb5b41400d06ad8a833734340e8d809a70f78fe89555b6b2a661f6d8fff108053d40440a4e3b8db266d2dfcd3331bc52bacbe0af4b365f35695a4b7ceed1e92629be5b3b9ea48ff9f9e726c0440a7d3cfeffff8272b4a01688bfe37b9adac051f17cbe1dd7343555b59efbdb924df46c1e7c5d2d6ec4c44a4cb887b1fbf74504649fed215cbb647bb9fd86fdc4d37f5c8bc6fd2accfcc361903cebff7a6af2eb96375a953e044981ba99bb6161131b957cc8500a241de131061c0bd3fa1b94321cc7a00ce030f6aea5a69e9d0b16d0415f92bdf7a64fa4677dc22cd6ca270cb95fb0cf3b3bc60ed2bf33667f46d3de88cdc2cf5df29d38deee3f2ed1b5f7f6d1d8058aca4a820ae39a75f35b663a478d56de7fff98de2e45160c6b36f2074ecf57d4eebd332ffed390fce2bf3fd0e19a3c64cec931e5bf9f415572fc8f7dc9cd1b78fed18297effb64b1f7aa31840cb41b7def5c0d881979df7da1b334a150076ad7a7ece3ff212c838eee6676e1873c698714fbcfff71a8e4a8f9a70c38c1b7e9037e3de6b9ffca2413e736a6aea43a6cd6393979c5ad2fb7522d27dd4ef6ffafcca7b779acde0e52c8516ac7efa81d5c09197f619da3f6bc7aa59cffea3009d27fcdfbffee34b0e29f21ea953499b07e51b56fcf581f763195f3ebcf0d2fe7dbb1f9bf6deb21880f6a79fd72f2bf6d992156d870e39e1dc1173562ea85ecc1240a85bdfe4de140012c8e875f55d13365e30db29a280761c7a95a9f5ce7fa852051ae93de5d9c96322efdf3a71d6929294f84ca81b42b73afedc9147226fd512f41b3a7cc4e91ddf9f5300e40cdb7f2b6bd15ca7951539c9dd6bf8848bc60ccaa8d834ebfe2b667c1603903bfae1672fe8ffd3d1439ffff362771f1dc75efefb350537ac3407a18ac34fbbf3f6a943be9b33e5f6075756a4c467424d5d8f5a55152af0b52202a5d22c0088d4380bc00f7dfafbf2e31fbcbe227fd419dd7efabbf9a3f2962d78ebe9c7de595be2f6f19a4dc5bb14c67966d6c8ebe68f344f2f7af3e54f4b9325d2d9cedb3263c8a5cf0d0100e42db872e2339bfafca07b04a51faf58b2c3dd22793cbe5711f1f9693dfa7c3f0389558b967fe12be711b3ab95eeaef4bb0f5e5f53387644e73edd326475724f004ad7fe7be5ae31394776eb1991ed558eeaf52b273e571a4d8f46d2d2a3a1caafdb309f3f7dfaf4ebcf77305f7da93a0b206fe93f36f6ba74ec65bffae41f8540955900ee666e3e32ddfefee49082ef977e0af84e81891e96d3a54bc7e1fd7223c0f65dc5152202743f79cc80f4d2a5ef4c9bd9bef39033078d1d92f3fa4253f67cc54ca0fec7a64ce6cd99f9edb06b4ebbf9a6cf1e49070081449d0af48325c510116474ec9ddb2a56fcbf4ddb2388a4213d12dddbc5aa29f9b9d13f48bfe3a893076554ac7df28587ca5b0ebabefb98b19de7cefc22e26f65a1ca7e7c333a2b653b88e4f4e97938f0bfc50bf24dc945fed2251f4fe83fa0f3b13d234b0000c58b5e5d9c3b7adcf5975f38756df2c9d148245a1111a954f052e3f3a14fff60fdeab3006a785a0362660188aa0ac4f44ba8d337a1aa02a888a8aabb74017dfafbf6632b9eba64e2ba7113869e3ee2d8a1175d396840c74997ccd14a1d61ea8d94999fa54b67dff5d257919cde175e31ecb45b2f5cbae2c1374a7cad69df2c80d89af9d39effb21c40c997f9e5eadba5a2eaf120391e57a93c236216c1d44425dfdbd6fdd2263be992b3169ced23d14ac75fe9a86289d227ef3ee5c9902091527f17faf4e91f800f001155409299cba364e9bd8f463a4f99f8cbf30b1172b3851b9dfd24f30f3491f7d43da73e69291281bf2ffa29eb9b02d36af8cf9e1d0e00b1e2b58f4c7f63a3aa20adf7a813bae1bb65ef6e8a966c5bb671d4c4be279edaf9ed7fe625d42daabeface739c59005b5f7f745ac7dbee197bf1d50551a0dcbf8979dde8e07366dcf5a3a2d9779f7fefeafbcfbce27eb1a150a4dce743ffd0f81d4e1dd93d12dbbc746502e51faf89f5ea7fc649bd1f7b7293578cdc72e2db8f6f46a7af1de594bf88e343d56cefdf0f00ecdefce0d4b93d1e39ffeadf64b9334677bd3165f29b48a4e4e7439ffe41fbc9fcacf0f981618988b85d112222ce71a3aa2ff4e9d7d28fe57df8cc7dd32ff9c9bd73f21291ee7d0777097f5b5e0eb4ec90930111896665b50fa1e4bb9298d905cab7ff6fd9e2156f3e35ef8dbc04323ae6e684ddfda745a369801d73b78c156e7ee3f5a56fbebef4cda5ff2b1589e56dc9075af51d30ac5d8dc703e354f62b366edc1643a8c788411d7d7ec5c6cd9b62c818f8a3a1edccf6870d18796c4724f2376e2e4df6740322d2eeb861030f07b66c5a13afe1a852e0f3a74f9f7ebdf8b192ef6208b56b7f44060069d1b17d0650bebbc4cd2a004ad63d72c7fc4dd1233b9a95b1c4f945d5fd9bdfa4ccfba29fd23e0020b672feddb33e2e0650f4c5da35a52282e83163461e09b41c74d3bd735fbd7962f71022df3fe3ec2e5ea9337b70f7e339a6fe1260d7923fff7d4e5eab8e39e9e617151bbfc8075af5ed37b49d7982c07b722a7c0ef41bd2ef71e2197dd210e97ef5e3d3e63e7341ff0890d37fcc8074af953534abc6fda0ea7e9c52f7f5c68da540a7e1a38e8a18bfcba0a17d43886dd9b421b9d8a46c7cfdae996b63394766c1db8f9da29f0f7dfa87c8477084552166bab2db29ec451146c6bac68ee3ffef9e11f6c6bce29248c7413921c48a0bb7ef59b3685de1d893fa5f73c33ddd37a3cb7143b350bae8e30fdc61fc68977e132fea1ccded73669f108a376fdc7cd899775d7f9ae6e797670f1a9086922f376e8ea12f004472fb5f76cdf7ccb38a3e5e3cf7bd7fcf5934ece6e103a73e7bdbb077bf2c49cfe8d0d95a7ecb83cf6c8e4350691680ef088b5f7bf38d8bba9f3960e2df9ee9fdc1fa9de599edbbb7dbfca7ab5f7ffcb593ef193b70eae3bf1dbcf22be4f41a3ae04814bffff8eccfa0ed0000871f3fe1dc0cb4eb33b87fefac44e1bc57e66c8ea363f5a3faf707b9573e7a7de7fc19f75cf9f7fc54f88b3032321e588cadf86859c9c0a1675c3c1dbdf3225d860d4e47f18ae51f57ba4835b6e1e5bb9eecfbe8e5b9112fdb0095724ed2b13afff4378f5edf397fe6bd573eb639f077c798a2d194aba2cd6fcc5c50d2f18e7b469e71e3f59f5c72dfa718fce34159285d39ef4ff30a01457aaf0b7f37acdbb013fa3ffcdf5515be5257b51cfa7eecfee491fb960cfaeb888ec6c95bfcf88261f78c3c61eae3870f5efabfdd1d3b395b46fadd38e7ba31e92b6e3be72f4b4a83fe34181b22467a8f1dd819156b673ffec2c77140d1f3d4a917751b34aa4fe4e6bab4b292a56ecf92c7feb56af085fd2fffd5a3dd3fdc58d4b2fb89fdba45ca36cdfad71bc97b5b0048e43fffc45f87df3e65404b00d0ccd3a6ddfdfb21dfce997ccbfd2b62417f268c8c87203a6d839a5a080d4f589c3e09988b7c34d98bccc858f798d6360a74ec79fa808c08ca8af33e7e66e693afee102c7dfab7f7e15717f51b34b6134a766d5a34fba17bdf291689c44a8a4b2abaf51971751fc44a7615ae5cfcf8cce796c891132369b94386f58fd8a5796b9f99f9f49ba512010044ba9f706977180a677ff2ead24daf4efd13ae1f3f6ec40f068d3d3a122b29ccfb2cd22e0d7909005566012463e907d37e31b3f8973f396d40efd3ba5bb1925d851bbec8cc2859f6877b7f5b38e1b2b37a0f1ddb1d25bbf297ce7f7afadc370b00a928292a8da16dff0967f68f9514e66d7c75fafc479e5a5b2c351ed5a76bf2cacb638932d1a0ff168c8c8c071777bc7bd7af3263d79f3268f849bdf15de19a77fe3afde965312022f090f8a6c79e7b65f8afc7e5b8cf727cdf7e3c27565e1e4b94c14e8977c7989ad12000762d993e7bc9c09f0f1d7bde65f3fe9437aa6f164ade9c3dffcd456681dbbc76670de9d6e7b8d3063eb76aa9f7ac1af7e3fe10295d39f7a1d7fbdd734608665ec01df7fdb670fc6567f41a3aa1570465a5055faccd2b8921122b2d837b2d1b63d38f91eea70f3e12b1b5af3ff6ee9b66cdbfa591d3cfea3668f009433357d4ad9505d7c97bfdb7577f77f5a491c3060e3e3352519cb7f1d5275e7ee4a94d31984b04bc2db7ce9dbee08c7f9cdbdb3c6b77596979452c153e1346c6068b4121c79c771c9ceb75a009db8edb76dcce689bb1df67124208218410420821641f94ec28b1c29615b62464c1bd1620f149281a6d19c8f1840100fe5e0871a3fa7c6a6a6a6a6a6a6a6a6a6a6a6a6a6aea03d055a222384247f4ee00c0390855b5556d8db688ecf359841042082184104208d90fb13d31b1c4fc83bb3aa07e6d85c369811c4f95590052b967426a7a0a7dfaf4e9d3a74f9f3e7dfaf4e9d3a74fbf96be548b8161ba00d43d50233c8c169f29f4e9d3a74f9f3e7dfaf4e9d3a74f9f3efd5afbd8a7dfa08481e45d0915e666851081aacfa7a6a6a6a6a6a6a6a6a6a6a6a6a6a6aeab7626ff8b48f25c1bc161d6021055850ad4561b6a6ba4451450b77f8291919191919191919191f140a2b90d782a1c092323632031b6a75c2c4b2c402ccf0f702d00e97dfef100fc37054cc413996d3303391a4208218410421a3519f661ad5a1ca6aadf94eedc639559e110f668fb8cac70280c604bc9d65024a4fe814242489366f78edda170a8ca4d01e36bacc06e0aa80a00aaa62f02aa80eb1844a8a9eb436b0a1c03353575f3d452affbb453e67d51a7b246bdee937568a3d2d37e7ddff17d8efbf6db6f0f3becb0e5abfef345c1ffce3f6b422c161391b4b4b4e3cefdb186a10ab198eb525523058e81ba296905ccf9b556dd26102c1188989e08311a3e2dd4d407ac21024045e0f47629005108204a4d4d4ddd30da494b5e2e42dd739affb9ee457d81bf2fea54d640e53203d6a1cd4bffafe07fb7fffef68ccc8cae5dbb6efd5fe1f1bdfa9d3cf4e4687ab4f7b1bdf7ecd9a36233d7a5b2c6c17f7fa9a92b6bd4e407889905a0aa10a8d1701dd34d21622e614a46faf4f7e5db7e5f51697ba4d071d2a74fbf79f8103bf95b2820a6be1351c53ef763fbfd4ad9cc909aef977e2af8a6d4793eb452a9dbd77e2a394ea973b747e0ef8b7e2dfdc35ab61a74c2a0b3c79ebd60c18273cf3d37140e25e2891123460c1932a4458b165e4bbb7e5f5761fb7dafd4010ad9e77e6cbfaf5a69ff38149f4f8afb07fefda54f7f2fbefbad77ce85dc6d02c3ac0520aa36543491b0e39a88c733db1e0e28208c8c7588ea680592be067d548c8c8c8c5e94a416b84bf248b52d99cd1859ea180f225e37e6eae18387b56ad96afbd7db070f1e5c5c5cfce8a38f5e7cc9c5dbbede06e0acc9e3ac1661555b7c0b83b1d4a568ace527c9c8b8cfb87bc7ae50386c85454221889aef7e806b01703940524fa809ea7f98fc9d56360821a40111dfff3ecbfc1454fe0db319a91758ea9a33898a0400ab42963df3ef31678d79ebadb7d4d6737e3efef3e27c0056d8124bf6b38b0382a5aebea8db2749c8fe48b9e5002b1761f1fd23a4d6246b11df0a2ade0c97e47d2f2b572fcdb96e21841c32aa5d5f270ab72fde69d4b999ca5c18e0fe0098cdc801c25247fc58a110804422bea76c4f7a341d10dbb68b77edb0c221b381b7d2dec1c052575f1cd4274948ada872961d70e909bbdf6d2f7aff08a91dfe9e6253a3242f9582af3e310e8b1621e4d052b9916a666c1a05a761070520226eeb5701880aaa0d88319b915ac25247fc387f36dbb62c4b9d4b7f252496261250d4d7140096bafae2c03f49f60290da52e359766005a8e65900e2ae775105773937faf45ddfaed285acaa1038ebc9006e25a30020d8cbd217b297fa853e7dfaf4ebe857cd5762ae6b855850db37a4e32efa2c662568ef59ee508f406d35436195b299c05dd6b4f2abef2d4fa6dae743bf7efd9affeea25eb9720a8d179c0158e79157eabc72a5954b9de3bb35ac770c2c6f29eeab4244d4aeb495f9e3aaadd5b73fc8d7157352ea962bafd459025577817b5fa9330b92573ae177aeff77ca9bd772330f9a6a793bd8efafb36d4ab6cfe9a79c6fee04204e690abaf7289c2cdd40f2ebee7cf5fdbed0a75fd57797cb762b3cdbd42db6baad1747a8af41a3f03a576bda2735353575bd68f1b40820aa1028c482002a105b200a515511c076db76b6bb283600f3c34c745267be932a00db9b25ab29f37ea953417b9383d55474a6180a200ab5200aaf1f4a04369c45c56ca824eb50557815a6faea50a8f35a9a32ef977a6fda2416db7fb60fa8aa6dabda2af5fa5a02a8d1e604438cb620b013c95c0724739d2963c945c96bca75f0e53a6d1eb9ae6edf5f75bfbfea7efed5f69972ed76fa41fbbeab6eaa6cd3d08401a9d4501215a737cbe7535357d70a88692d1bd3d443ce709aad6e43464d89b701a84255dd1b6338b58fbb4f6a6a6aea7ad2e644caa42c15b1144ea31c62d9629ac86a9aca0a11b561596e9b4f4dfd07a89bc70051b56defa43fd9c1e9bc2e827ebfd429a36d18ed8cea8be56c021558c9a143b100551131db8b73eb3fd6a14d489b1f09c734e902b6c2b661abaa30d7a5a0aec3f717e64f28dec5008a94699f53a7a436ff9cf36ef75c1bc111065455d4f9829b0a06e63bef3f32559fa44f5f016f48cc16c019b5b015aa0a5b55353b2bfbbc33c69d78dc90ce394785436110424870c413f1fc822fde5dfddef3afcfd95afc953384234e435cd54b71ce80ac2a546db5a18a0e5947329b9103a07aa983051198dbb79b330e35b77357016c5bc5ad4391cd52d798b16ddbb2acad5bb7a647a200d2c26900ee9cfcfb214386c4e3f170f810fe41ab953a55586eae1355bba65ca76aab2ada97274616950dd81dcf294f84743f2fd4e449080aa2a19599e105edd2b7474395bebfee50983a3d04a61f2f35dae7f453d257a73f772fd7443738d2fbfcfe620e4761c76d4d3837055485aff7829abab23602aa36dcf2a3b6b92ec056553d7bf8d8a957fe86ad164248aa114fc4ef7af4be17df9e6759621ac650c072a6cfdaaa96a9ada19a5080d98cd403a6d4bdb4689e996c69592230b3fb4d015451d8e6ba00d6a14d02af0ba075ebd6e3c78f7ff3cd37cbcbcb972e5dda005d001e75cd75a76e2ffff996ef78e65f9d84e0af9d5a2e6c1f4d7e7fc5f402b823bacecc0b67fb5469ab53a792363705949065859d9b02aa22be4602bc29a0d72d014f7b470cf742186aea2a5acd4565806dbb0b1439bdc87ace88b36efbf954104248ea110e856ffbf954a8beb8e8655188051b105b9c9ca648a87a3303ce19ce6c46ea01afd4bdb4f86533b7df1658963853fde15e85cd3a94d41f75ca75a76e2f9fb4e5bba00f39450929267df99d2ade3a22ea7c61452ccbb73e8233c3024881f639756aea1acfaf03c4128198150a4d2f96ab859a7a5f1a22807a7e7299e20e59d953afbca97e8b292184d42f53afbaa9435636007331ac38f5b108dc0b3b151db2b2a75ec56c46ea8da957dd94dd361b8053dccc309188990760b6611dda64d0e4bd91f6631e526a93ebda97dbbf28e0f9ff7ef845c177edca6c00dee99bd306363255dae7d429adab9c6b0788a54eff1fe0ac68a9cac8b8ef68034e279673f5bf6d9b8b0214aae79d3e8e73170921294e38143eef8c716a2bd4b64dabdc56d8b66d4361abadb099cd483dc352d77c101111098542de09bfaa1ad3b2ac7d3fb77ea94da91bb9bd8cf3fff74b4831b2a8acf22709a89d6c216bd0ed73c6948fd5ceb503c3bd9cc5f40cfa3423e33ea23a9d57eeea96ee32b1aa38f1f8214196684208a91d43fa0d86699703ee8daf4444a0621636653623f50e4b5d33c1b66d552d2d2d0d87c3a6a56f59563c1e5755dbb61bf860f65bea0694c41bf8901a290376c701a83a770e14713f49678185e0dbe78c291e51d5090c0bee65dc8c8c758bea776c284cf767e79ca3400821a98daa76ce39ca2c820d55c0fda7366c653623870296bae6c3ca952bf3f3f30f3becb01d3b767cf4d147f178fcc5175f3cfef8e3f3f3f3b76cd992979707a061fa026a53ea72ca130d70244d809cf284aa733b2cf79304dca15d473332d62d068305671d4046c6ba4755a8a8c22c28a3005439839110d2280887c230ab617b79cc86d3ba8300cc66a4fe61a96b261c71c4113b76ec98366ddac08103b76edd2a22e3c68d9b3c79f2e2c58b73737363b158431ecc7e4b1daf02a82521d3790255389f64b21f20f0363963638dc1c059008c071ed5efa86fb14b4208691cb8e3396e067347786c263472c860a96bfa949797bffcf2cb0f3ffc705151d1b469d3de7aebadce9d3b3ff5d45377dc71472c166be0e50000b0d4d51fde2c0038835fc9b6b1d64beb9ab199c5600857eb8dd0a0fb4218533b268bab575a3c4b9ca5020921a431a0ee0d7101054ca3dcc96ccc66e410c152d71cc8ccccbcf5d65b2fbef8e22e5dba949696eedebd7bf3e6cdfffbdfff229148241269f8e50058eaea8bbd7c926e746eb310745b9db131c560e07c337290a837992ce0a52d0921a4eea83a4d36c059e209e0a81839b4b0d43579366ddaf4dffffe17404141c1d1471fddb66ddb65cb9699f9ff1b366ce8d9b32780065e0c8ca5aebe5055712e0150df093f218d893000115f9f9673cb775155c777b5f9357dfa7675df142366414248a342e0e42e93bc9cbc0788f8467a08a95fd429744ebde99c9409c0c1d8a6c3b061c3aa3883060daae234681780ba2fe72e49eedc202039f997d40ef7fb2bdef7d79c37998e95946cb7d34f05df7cef0077fa8d48b043a761b85d80ce5138570925bb06fddadf6548bfb9fbfb2a278410d208506718c7dcd9c9dce4d95482e0b42672e850e72a3a1581dae29443d6a1e450a26eae03bcc99bae4fea82f9feaaaa8824dbc9ee786af0ed73fa29e9bb795ecc26817fefc2c9fe08931944cc2c00242ff36664dc671481a8e90d55762513421a11a202cbd47a225ed52da21c1823870c963a523b76efde5dfb8d333333f7f56b96bafaa2d22709118113d51de44d81963963ea45330b40dcc522dc73edc0083b7d134ec715a0ea39e6c8dc790ad4d40a40bcb2e19613f59799a0fbb40821a40e38b9cbab89dd9c16ec5191a68d9963a20249d6a400ab50722861aeab2fdcefaf42a162c6757ded644989b63a75ea69378af94dd0d701209cbc12c94c68319d5aa87481123575526b529bb22b0215b7fcb0339910d29870eb3b11f7b23d00808a1d68f73c69d288d3d442b2d4a942202a2c75643f5c72c925fffce73febfe3ce6bafac2fffd155f0400678837f0b63a75ea69afb4b845c4993f8d8008273b252a0de9267b264ca6a0a676b457389c82e39619757e8010421a09ea74601a0dc0b960cf73a1161d0000200049444154d483811e1a69b2289c2bb14dddea55afea7f40484d5c72c92538a05e00e6bafac2993ca1deacd8e477d9404d5da376cfafd5941dff3681c05900d475d495670188d3b305b3d6ac70160021a4f1206664cc5c96971c195388a8cd6c460e09de45c4feb69672261dd91fe6fcdfd375ea0560aeab2f2a7f7fdd47e02c00eafde8549b056079bd818c8cf5140921a4b1c06c461a1e963a5267fce7ff7b73f649c396baaee3dbbfb4e4fb6b3eebbcf1d3ef4d1f6301a193af39e2a525dffff4d3a3de7ba1ddb8ae0200d11637bfd069f9eaa3367ed6f9d3e51d1fbabdedf4173aadfcb4f3a7ab3b3df5db96d9ce9e423fbee68897961fb5f1b3a396bf72c4b54343008ebd21e7d32559fda36683b46b5f39eaeddf46a3c051a7b79df5c6f7d67c7ad4ea25d9b79e1e0e1d927716741b9bb1e9c56008c3e97216407d118c8cb5885a53248490c6c2be331b218702963a52670ee8fa7f3f0d5aeaa4fd31d16ebb4baf3e7d573e42a1edf65117654fbf42e6fc76db759f85c6dddefed6e9156bc6ecda140d77eb25ab6e2fbc6b398e1e9335fd86c3d63c5074f1f5f1e8d0360fdfdef6aa257bee58ae475dd4fea149d69bb76f9bb21ac7fe34ebd607da7f3b7edb33cbcbb65d1e1dd215abd6019d5afcb86be2bd7b62e8d5e6cf0f1cb66b46d1d9af24ba5dd1eebe7bb23e5ffdd5d3dbebfdada540db9bb129c5c072be15d40b134208218410429a22e5f1fccf135b3e8f7db13bedcc09d1dd6f7c73ff1bb12d9feff9cbcc6f77746d39b8bdb3d5b7dbe3dbb654bcf754e987e5b2fbf3b2f55b2a3e7aa1e4bdeda16e5d05483b7342f4db5776dcf142f9e79f97cfbb67c7bcddd1f16745e2abbffdf7f6b49387a68580eca12dfb6c2f5bb81afd261cd6edf3d2fb66eef97c4b6cc13dbbfe8df4c12748a0ef9f9054265cb3bdb75e09faf4abf88410d2a8d95b1e637e230d09cb1bd927354efb3ff0a9010d3afa180d75c8944ee3b3d78cf7ac8aacf6c016df36e5f6b7e51275e6f6dbdf95231cb5100d75c8c4b6cfe2e5ce3615f95fe2cc4ee170f99ed7de489c7746cbaeb34a7f7c7a74fb929d2bcb715afb50b4d7e1f33e3bdcdda3ae6c6f0189867883fbac4752addd4e3f583f65d84b17c0def2027dfab5f10921a4b1a07ba99599df4843c2f246f6c93ffff9cf2abd00077569408396b7f2c4f6ddfaf9ac6da3ee29af74469eb9d7673827fde589adbb31f87be1a831a2699dbf87ed1fc6e3d00f5ffe76f345adc60cd5fec7c517dc53560ef9667ba2fcc39251e3777d7148dfcb5ea86b3d429f7ed05880599dd07f8f4b9f166aeabae9fa2ea2841072a830151e4ceeaa29a7117228a85a6fb20e25b5c07fce5fd7f3ff60735dc56bafc73a8c6ffb9b31e9dd3a858fea1a1dd2ab964bf555bc3abb3c737cdb9bc744bb768d9e79439bb199b1975e8e2580c4ba92175787cfbbbd75af75252fac03a02b5ffeee8b5e99bfbfa1e50fbb863b758afcf884b4bdf7301c2429d2dea66e64baa6f3eb000903de0dddd5d126c0bbdf25a8a9935a5deddc4ed6293fd5cb0c2184a438e636bd22a2eabb69b62fa7117228f0ea5311f86b4f963ab26fcc5c800318ff0f38d76d9af9f575e959537e7be425ed255e9e583f6bfbca7589f25a3cf18ba7b64fceccfacd6fb3cf6f8f1debf63c7143f1a39f9bdfc4e73ef5dd55335afce79e5233ec5ffee137d7fd16374fca7ae29a50b4dcdeba7ce72f9657ec3e24efc6b481bdcfd319da95a0dbe7d4a9adcdf9b5c057660245fa4c1ce894605b1309d5846d572432b33255d5eb9fd04ab782a7dfbc7d85ad2a02d30560276c016c5b3561db0955db5ef3d22a1042486a63eae6be67f79790054042969bd600a8da6a27ec4fe67d10f05192a68529757dc6f6b7c29688c072ea58a7d0256cb595a58e78ecde5d8753d8cccc9a47bd2be73a9190784d380026d7bdba7657bd1c7073e0ccde8787c221b144429688882562898828d48cf44252acdd4e3f35fcddc5bbadb490842414b260ca8c22f6911d8db64410f86701b8d2ed9a707b2fc493e6cdd06fd6bebabedb83a54e0172240821a491a00a81337a2380baf98da98c1c52d4943c771031e9a7c2d810698a98669b584ed1034cbb8eedb603c16df3c2f9fe6a6ab4cfe9a7b65fe9fc5a1d1fc1114e5e8a20ea5e9a20708fde25a9e9d3f77caf8b4b04103557b78010421a0926638978d7e8c1a9954554d830268704a7b899f142a9549fb20e257ef636b07f00883805cfe43a75ce5a4dcb8db9ae0e4812eff34c9e3799590081b7cfe9a7a0ef9d5ffb9a1c41f60258a68ba25244358791712f11eeda008ec3d60b21a4f1e06431278da9381773561e9925a45e61a9230d0f4b5d7de19e2501953e4946c6fdc5bd9c5f078555a9ef4a2af5523032d6254ae51e2f420849754cd2123785c11799cec82182a58e343c2c75f585ff734b81b63763e3897b39bf0e0a2bc0d7264d0de12400424863429cff2b1935fe8290fa82a58e343c2c75f5053f30d234f0770148b5489f7e0dbeec7f7b420869145855b356f2524e66337288f09a5ec9d3b0aa17101352cf5855db69e23d66b9ab13525924a3ecc5dfdbf6f4e90788bf0b40ab45faf46be70b4494f50821a491617a3405be697a80a840c025b2c82142008854a9379d5217ec9191a64b32d7f94b1d98ebea8cfbfd753fb7d46887d36fac7e60982e80eafd138c8c7b8952c51188e95a762e6c8927e220849094c7242bf1729a8893d34cfb5898cd48fdc352471a9efd96ba04fb9e6a47c2690857f924918c82aa0e23e3be6260982e80eafd138c8cfb8862b454ebd312417ec1172084909427bfe00b1171729adb90f3da6f02613623f50e4b1d6978f65bea0aa2a1400fb0d150100d253f491701f637eacbc8b8b7181861d399a5ea5b2cd4cc89f44ef4aa1475faf43d5f04b69a9fb0a06ac1b2df5dbdf4e8ef77052184a436efae5e0a4b6089888825aa9010600b5461590a653623f5cebbab9742aa953a15d80ab1d462a923f54fd5520788e5e63ab1d4d2559969df2f4b047d988d80559969108165994f121058026f5d776fb1acc0dbe7f453cf774eb12122a2262a02c4025455fd5155a10a548bf4e9d714050a28a0222ac0f3afcfe13c4642c8ffb377e6817594e5fe7f9e77263969da9296b629656bcb52ca5a28b4ecada080020565a98a1645c10d70b9885e7f827a151505d48bbd7805bc2eb85c01150b2e502f5c8328521629de02656d812e694b9bb6a4497a669edf1fefcc3993ad4dd22473da7e3ea4df7cf3cd9c396fc29339e77de79d772a9c288e6ebff757aae2c4444dcc54d3239bfa231b4733e86792aa739daace4cd484d7501800baa83ac91cebd454e40fa36bb81660ab442a7f185da32adaf9ef572ae9fd397945e649175bda698ef51cec76d85ee9ed0a4544c444622bd4d6f8f18a2e3ec8c92519c612f1b345321b886c6cdeb86aed9a371d75628e650d00b065be72f3b58f2e7a4c9daa0b44549dd37687388e66d0ff2455a7aa2e10ed5475a2a2b271135507fdc957be7feda34fa7c7ba6cd5a5e72545e48d50d7866efafacd7937b6a2f9de5e439faaab56550d9caa53e7549da4b3a7b512de9f935770deb6a9cd054e9d734ed54fc9512d2eb730accaa59e83dd0edb4344cd4445e2d82c168bac505b10b1645840452ce3c9c9c54ae3569a5131f373029e7ef199956b1a4f987a9c73d95b4e0000e44f312a7ee5e66b7ff33f77252fc24e552d790fe79299792a22aa62f6f48bcfae5cb3ea84a9c77234836da11815bff2fd6b7f73ff6f35e97fa9aaa8d3a41726229a8ca9f31a0afd4572acbb3f73ac93ccb14eda1deb5ea80dd784eec80d9ba9b9ce442adfdb73e8fc313599bf5f7f2180a83a91f4ef57f37e7f4e5ec1796b73ab0b9c1f35f2356466d18adc8600f4f0f71e23226626b1c5b1c5c538de1c0d1fb54b2ead81ed064b87014cccac34c3456233338bcd62db6dd4d8779e76de89471e3f618ff16110e6dd6200d8a92946c5975f5bf2e0630ffdf2de3b57ac59a9e930bc68d20d2b6de98f69c9418da3196c03541d0c3edb5275a35ba3b7ad6a99b661f31ead5190e724e58a205279ad102c185ef5873135ab0b41f937999ec24d7e9f49474f45b7b647d889d9b066bdab0a5ce85cba089188b43c1e150ab5b9b447a7bce768113533358ba264086097d1bbb41bc9281d053a8c7090efb4b98988998a5f0ed0bcc46271322460515cbad4a5fc1a936eda71ff22e5d1b28e90939393f7354f4eaf8aa88a1315299f012bcdde74aa62969e89351335335313933836138bcdc48f6f2687318963137fcab63c25aa227e5ef29cebcdbfaef98e81884872bad0a5ce95cf1caa9a39f57716375f7ab124af9b6216a52f9fe6bfa1e96b68f2afddeb72a5fd1ec8073f5715b1a4f29c243dfde45827c97cf58ec73af3d7b3a7c737ebea5897565db2544ac5fcbc0391f7fcefd7395511979ef4f7db9b646601a4fbeef9fb6af21d3d5fbf667d501d68a0ce3971ea9c9a49eb13b90d0184e5e140cb5cbf20691d7bb27f32e4e4ea0b5a454c9c8a252f25ea4c542d163591c0a5d705989a9a99887faf537a130300309064cecd8848f68c4dbbfebf8af8ae58fac658d4a998989ab8e43239ffdeae743473417a34538e66d08e5e559d7f0d15513311a7818949fa1a2a6292be8606ed5f43a93a684f526eae97c73abfa93fd6899a7475acdbc9aaaee77fbf928aa68f74edf693f195f1be9d3cef5cd3a2f20b0574d864f0616a19f41d4d074c136baaa5f7cce97b97e41d8c6832a26c5d16fccef0c20200034d574797d23b39ff49b35abe085bfd1d4d445492d500389a41cfa0ea60f0a1eafa8bbeff264bfdff5cfb71007dc40f01683a0da6dd0c0614dd92aa89397f2f63113f07201673aab18813894554344ea700889f2990e462c92482646fae227e2214457718d592f7efe44cd299b149a2eddfe1996a727412756ac6d10ca5ead0ed41a9babc7e93a2e22fbe10c93c1645bbd3129ae96be706cb01c2b69159175044b2172bfa6b1a453253ffadf420008081453bbaf4bab7ec09319174725e7a60528e66d077a83a187ca8bafea2d7bfc97204b0152a6d39c050baae5cca197a868afab5644a87cb64c53f7fb4344b6f92e22f254b1f04003088a8663e674edb64debdf9d7638e66d06f507530f85075fd454f7e93f4ffa1d768e6234fc2d2186046a5bdef3c99819c3ca32ae99ac626ea6f8caa22fe36007ead199364234dc7992ba9fde4e4e43b625e9aa829a2c936fe5025563ab3e38f4bc9fdd8bd371191ccd1cc7f29221d8e66c9f39a55cacf4b5e09b96a364fb715ed5475fedbae53d589945f43933da6bdb3f2f366aaae427f0fe4839967aa2ecdd324ad3ac91cebb25597ac06d0a9eafcceb2efdcd275012ae0e7adb4bfdfca693f7965e79e0e796ee8e1ef3d5635b910208acca228de1c0d1f55571e0214c1e3b7eefd2d64cabeb48d595caefcfcdb89c7e3774aaf92bc594e72c9e4e66ffb946e9f7c2ef9d27e920b9f72ff59f0db8b779a7421cab9a6b9a8f749ce6b289e635d85f95efcfd564c9bf115eb37ac697255810641102417029849cbe3c5bc2e04f06b01a8592cb1c4719cae0550271d473250746b6ade270b0426b975b73d00c0c0d1cd9147cb3e9dc1a99dcee4703483be41d5c1e043d5f517dbf69b44d12daa1f0270a173ce891355276239af05a05aae6655f11f66a5e52ef1f89e795f4be65492112f133f4ada697bf3db8ba68588c7e3f1fdecb5ebe39526dea9268fe9e218e51f1b3b97ee344ece9e75b5cf0af979f115e1bb7e7d4ce711bb64fbaeb6e13514cfb12e6fbf0d7fbf78fc16bdff1049feeed4df79333f82dd0edb4b44cc444cccc462b3c80ab5355d6eaddd34959cbc53ae622aa2229a5d38a5f2da494e4ebe83e79ae4c9114944db1d96b6be1f15f30fd06437223688ed27df1ef3b443d5beea7abe1f4d5e43d3ba15695f7595f6f39257429e39aaa5c72bd7f5033ad55bc707fa48d3aaabcc9f77e0f26dfdfb2527ef446b73ab0b9c3a978c07888a4871791c86555def658009cbad5455352d0f51945e6b34f3ba434edee35cb3b98ae5dd1e7272f29d36dfc6d735cde6ce77ce2ae2e722afe4dc6ddb7e349ba753022ae1e722afe45cfb71ff2e739a32ef9f6bf0f36dfcfb25276f9fa7fd6bf1dd7f6df7be22079cf993ff2622c9629f254f4ede9fb988a8998865bc28393939f9c0e726fd797cab9c9f8bbc92f3fe7d3dad9c9f8bbc92f3feaa374b830af9b9b6f7bf5f72f26ef2bcd023e61c2ba2ed97032c0e1f3542c42419b74051144551144551144551b4d7ba61cd3a571576580e70d363b9dd1120183765afc49a9989c5b1c556a82de4d21a000000000000801d86b64dad1aa83abf3ca7fa2bf1f35c0b4044db279a7e00000000000000c0b6a09d3ef22414311111b14e1f00000000000000b02d5456179b590000000000000000034465cd0270995900288aa2288aa2288aa2288a0e82e683137f63421445511445511445511445075e253fb277041033b1d82cb6ea213539b609006087a2124699d1cad7c1a4127e5eb4f2150000fa83b64dadea9c3aa7aaa2eafbfff9de1140d48f41a868e6c32ccddb434e4e4e4ebe953ccee6269abea9aeb47692574c9efd9ce49d1eb24dcf6bd9dc54bbe8e255c2ef81bc7272315f8399ef6925b6939c9c9cbcf273d524f1afef5d1f75079164168099a8481c8bc56691156acbb30054c5acecc9c9c9c9c9bbceaddcdff75f898a59d2d74ab64fb6c96e9f6e4dbe13e699fa29d78c24a5a2a2db5a9f694d76d8bf65b7af84df0379e5e4a5da48bf23a5ba32d17281e67dbc25272727df7ef2d6e65617946701a8aa599eb30074ea85c789a899496c711cc7c538de1c0d1f552762521efac5e3f1787cf7de32fffcd7b685edad22da8ccfdf4bb7dba4ef20544cc4a51b5293f8edb926f1783c7e67f51bd634b9aac085ce39274e5555c49a1fdd5c28d44a1e8466226266969c2530333311f3b94869f4028fc7e3f15d7913558b4d44442cbb8da9485c39edc457bc571175e25f907d1e8b88c42aa2a226d4247ebbad493c1e8fdf897da97fed67e5a5796e749805607131ea6a16401672727272f2343795d2613cfd64966e6f997fe237acb0f693e79eab48f9dbfe4b13c92c179cdd407bb07fff6ec3bbe4ccbf95df6a9888c49274de4aa539003f17f9f69b2725e7732d5767529326d9ead4eef7434e4e4e4e2e22225dcd0290e647dbf29c05a06ae9bb004b3f24cd2539dc2728393939397992c7221a8b881f0890a4a3a5169b6ae2452c1d22503393aef76fdd3c2ff98e9c8b99a8a9af19f1ddaa645049d5fc65daaa4937de9794f3fbd8427d2657fd8b98cfe3a40e2d1649cee39a49722ad73f6fdebf07f24acb7d4dc666eac4d7a4dfc09277b4e9c092aa48ace647012aeff84c4e4e4e5e41b989946707b4df3e0774ea85c78b7fdfda7116000000748f49dad7f25ffa037b7abab57c3555bbada47b0b3b05dac517994f2a497f2a152db964bb748baea026a10f0c684d020040791640e09c56c42c0011eb303e915145511445bbd0b453955c086052bad84bacdcf3124bb63189d347e5dd72b4823416d1e46c8188a88ac4a24ed4c49caa993895d8c489c4aa4e920d6331274a4da2155f93288aa268593bf7af738359000000bdc4443293b9ca5d2ccb9c75b5765dafd2a3a4c3213fcfe33fe48176b6d96bad5534a3252927a5cddb9f77a526a1cf0c504d0200404a05ce02000080de51ee36b5ef6bf97f63468e3efbc4338f3974da9e63f708030eb3d0538a51f1d595af3dfcd482df3e78cfaab5ab454544d333f52ae2171116ebaaab454dc240b02d3509000095894ebdf078f5eb07c51245b14571b4b9b8cba81166962e3cec978a49262d90939393efd4796cfe1daf989af9b500cd6289fd9dd6e2f8f4e34efbf8bb3e16068100f4956214ddf8dffff1fbbfce1715e75455d43913712aa2eabb60aac9d4eb64f94991b426552c4e6bd22c366a12b69dee6b524525adc9d2d2801576dc26272727cf355fbf665d50156ae082c0cf02706696e32c8060dc94bdc54f1f3433138b638bac7a482197d60000543ee535d7ca474e333389ed6dc79d7ac57b3fee9ccbbb8db07de39c3bf6b0a357ad5dfdfcd2174c447cbf4ac44445d29bb565284d01a0266180e8be26255393baa55d0000ecacb435b7aa534d06509343e5e665511856e5d21e27925ed2a5eabd64bce2f1783cbe9db7d4fba3a86a72d336abdf75cc27de7da900f4139f78f7a563468ef69d7e15bff29aaa5a5a93424dc220d3e39aac8463351e8fc7578aefb27f9d23cc020000e831964af65aeb58cc6233bbe0d4d987ed7f48ce2d841d08e75cb1587cec9927247ddbe0fb5c22929c6d35a5266130e9514d0200407b32b30044d2fe7f8eb300c2f2204469ecd68f4e000040274c44b3d3b0fde2eaa66676cca1d3f26b17ec981c73e8b45beefaa1a61759b77b8dd66405766a120693add7246f2101003aa0652aa1af1d5a7abf204dee1d64e99480640bd5e4b6af2525272727df49f3e46829fe1019c7e61189cd6ccfb17b0840bfb2e7d83dc42cb6d8893313f5f7684f571d4aebd34a8b01f82500636a12068c3dc7ee61999a747e3100f58746ef2becb84d4e4e4e9e772ee6fbd7496f3bbb4d2e646601f8d6f8c900d26e6cc2fbac92939393ef8c79721cf73eed8489f86101eeb506fd4e188426e2447deda513afb57c79615a9ffedd85aa5aec47a9a84918107c51695a93be00939a4ce70054d6719b9c9c9c3cef5c5445cab30044729e07e0d237b31e3c1e8fc76fc15bfb3c4e52b39c87736107c65fe4ef5dbb522c25d4240c2e5ba949a98063351e8fc76f477eb071d2ee9a2d3c1e8fc777e3ad536e2aa57e16bd2d1820929926525afc4f44ca3569424dc260b3859a944e3589c7e3f1f8adf8c1c675ff1e819c9c9c9cbcdbdc449237c26262f4b660a0b0f45ff98affae36297dcad42455090342a626d32fb39fbbda9c9c9c9c9cbcfb7cb071dd8f409093939393b7cb3b1db94bdbd3db8201a3dcf1ef589f967ca3cbba356ecf060345d78351da659afb719b9c9c9cbce2f3c1c6e5dd000080ed9352afbffd2780fec6dac9160a8d9a8441a2c73509000095871391f60b0ba3288aa2dd6bb208762911297f02e87f54d5927ab376d528d424e4c3d66b12455114dd9ae68813499675455114457bad71d9ef94b4363536751daf691df4c6ec9894ebcdb2b567d4644f29362d79627163b1770f6a6d5cbc702935dc35bdae49144551b493e648581e865011114db1f4ac8288e0f1783cbe9d3711f53eb915b655ccf55d83c9929b661ff3c7531e9e77d9f87671d39d174fbe6eff7bfffe85c3726ad70e86aaa8aa965fa233e75a859adc2a4f7d77f6acc5573efb93f3c29e3fa6e9ee2b666ea5865b5ba550e887e66d97745f9349ed55ccb11a8fc7e32bc027474a7fe44cfbda39e244cc93343273af5772727272f2ae73e922971d8fa76f3875dcb899df5edcfd169b7abaab65b75d3879dcc89123478e1937e1e0a3cfbef89a3b9fe6146b4fe9517d4a17790e6d1d348a8d0d377dfcec1993278c1b396ebfc3679e7fe59d2f0ee2b33f78f5e153ae9cdfcb99053b1095711c26272727df9e73c98f503363149a0e4c48fb4b14b2f304c8c9c9c977dadc920b5f4d4c13af2aea4704ca8fdd51689dfffddb16d7d5b5fe68eefc0fdd78cad06ddb59b1b569e3de97cdbbefd387b5ae5bf64cc3f7affef4794b0a0db7cc1ad53f6d6d7cf8ce7b65c69c63eafb67771546e975d9235dd6a7a5f5a926aa3b684d965872e747cebe7cc1a44bffdfcdd74d1b5f7863c9c2054b76eba75aea11c596969db7ff2fbe18934fedde376a694aa9df4c2ae0b84d4e4e4e9e7b9e7d1d17edb8cde0e3fc48841f8dc0e3f1787c8fbc74ccc5f21ccd1d1096dd7ecb5d72fef5d79cd93aef963b1bcbf9d2bbaf79f7ccc97b8e1b77f0cc4bfe7b69296e7cf0864b4e3e7cc2b87193a79fffdd855deeb1a630a2aeaeae7efc8133e65c7df1f4a6f9f39f101191350d733f72eae113c68ddbefe8b33f7be7e237448a0bae9e3eeeec9b97888848ebdd1f9970f8671bfc2e167eede809efbeadf3f2032beefbeedc3f2ce9a79fbcc2a0263bd174cf3557fdb1fed33fbdfdaa77ce98b4cff8f187ce98f58139d3ea448a8be79e7ff8843d478edb73f2cc8b6e6858d3e991c5c6f9d75d3873ca8471e3261cfeb66b16b4cac2afcd1c57aaa8a76f98b9e7ecdb1a3b3ca49b7d36dd367bccc89123474ef6c5d9d870c3c5a71ebedfb87193675e785d43877dec6854c871188fc7e3b767dfe9d83a78b80e23b8783c1e8fdfba978eb9689ea3b903c1e25fdefae0de73e6bc75d69cb3473cf8e3db16fb739ec58537bcff4377d69c7f73c3934fdef595d9fbd6245b2fbdf5b28b6e697cdb75f73df6e4bd377d68ca96a70c149b16fef2ee85d1d8ba1122b2e4d64b2e9cdb74da8df39f7cf237574d5af0e9d99f9ddf141e76ca89754f3eb2b055448a0b1f59d0b472c182c522224b1e7978e9a41367d40de0cf5d7950931d697de48ff39ba6cf9e7368a7ef84e3677df9f6479e7cf9c907ae9bfeecf557deb8a0c3f7177ef3fc4bee28cc99fbe7279ffcf3eddf9c73584faee5ef6e9f75e7fde4d5152b56ac7de6ab33a4b878eec517de16cdbea5e1c987bf7756d3f73ff4f9bbba5a267387a1428ec3783c1ebf3dfb4ec7d6c1c3753700414e4e4e4edeb77c47a075c16dbf587ce879b30e0b0b33ce9fb5f7d3b7ddf668ab88c853f36e5f3cfdb27fbb6cc63ef5f5fbcf38655a32f17ec93d773f58ffdeaf7cea9449bbd78f3fea9419fb76b5cf68e17fbc63f2e4fd268c1b3761e6e71fac3bf7aacb8f1279eab6db1e9974d957af98b17f7dfda1b3aeb9fa7cb9e796796b0a479f7462cd8286bfb78a3cddd050386cd2b2868665226b16342c9a74da49e3cbfb6cbaf3922993274f9e7cd6cd0b17ffe0fcc993274f3ef8923b3b9ffbdd21e8751deeb0f5d9b2624dabd48fedeaaa8fc2f80327d58faaabdf7fd69c33f75efae292761df162c36d3f5b32e38aeb2f3e717c7dfdf849878eefd96a7edded73484da150288884224fdf7ec7e3932ebefae269bbd78f3fe9b2cbce94f97f7a64675beba2d28ec3e4e4e4e4db4b3ef8b8cc0044762842c9c9c9c9c9fb94ef08b43e78db1dcb0e3debcc492222879f3f6bff9577fcb4a15544d634ae0cebc7eede71fbc6952b648ff1e3b7bce27a30e9e2ffbcb7a1e1beef9e3b7eec99dfbc7beeac7a1159d9b8241c3f7eef6493c2f8f1f5c5958d8d5238f1ac13df6898ff44eb92071ae4ad575d7eecb30d0f36b5feedde47763fe594fd33fbac9b75fdfc8686fbefbde53d9326bdf3967bef6f6878e0fafe5a5fa0d2e86d7dee705559a266b75105695cd9c564fb350d733f72f6d1074f18b7e784d9ffb5548aed97ab7ca37165d388f1e37b398964cbfbf4ac6c5cd2bae0abc78f1b376edcb871132efce5cad6352b5a7af7bb2d205c000020004944415434db3b95761c26272727df5ef21c70196f783c1e8fdf66bf03d074f7cfe6ad6c7deafad3274f9e3c79f221b36f7dae65e51f6fbb7b8dc8d8faf1c5254b96767c40fd1ebbc992c58bb7b2405a4d61ecf8fadd279df78deb4e5d74c3e77fd528d27187adaf2d6994b1f5f5227533ce7a53d37d7fb8fbeeff5d31e3a41933de72d823f3e7ddfdc707c7bef5acc3da0d3414eaeaebeb771f3f76688d0c1b317ef7fafafaba9de0466d3b614d66294c3f6946e191db6f7faee337167cebe3d72f9b31f7816797bffaf2ed1f98d4f1db43eb460c5bb7a4fdcc80ba610559d7b4aefb27eb7a9fa1d41437b544e946a3eac7164ef9e693cb53d62effc59c9deb72958a38f6e2f178fcf6e873c00f01288aa228bacdbaa3d038eff6f972ca37fefcc8fd0d0df73734dcdff0c8efbf32a365feedf734ca81b3cf9fba78eea7afb9fba9c6a6358d4b5627939dc79f39e794f5b77dfef3772e5cdad8d4b864c51b5bdc7fdd295fb97ada835ff8f49dcb440e9d7dfed4c5b77e7e6ec38b8d8d4fdd7dcd97ef90b75f72d62811a93bf5bc539b7e79d5dc25334e995ea83f65d6617ff9ea557f1c7bd63bbabf4ffb0e8b76f23b5f4db6a7eeecabae9abef8abefbaf0865f2d58fce292254f2f9cffcbdb1a96c9a664c58a96d6d656a94ab7ae1952234b9e7cbc49c21973ce1d3bff864fdffae0e2c6358d4b9e5adc5894f1c71dbdf753b7ddf0ab858d6b9a1a57af4b4fddd7148616563ef7e492d66ef639fe80f1c505f3ee5adcd8b864e1d38d72e8ecd9073e72c367e7363cddd8b4a671c9530b97ece097016c4b4da2288aa25e73c30f01188aa228bacdba83b0e4ce3b1f1c7bfe65ef9954bf7b7df271c49c8bcfac7bf0bf6f5f124ebaec87775cb67bc3d5ef983261f2940b7fd972e8a1078c1091ddcfbbe58eaf4c79eebad9c71d3061ca6973971c7af4015b3a095af7f6ab2edbb7e19a6fce6f924997ddfa938bebe67dfce42953de71cdc2a95fb9fd1ba7f847164e9a73fed0a6ba3367cf2888d49f357b5a4bd36173ce3bb0eb1d1ef6853ffffddfa6f5fbafa232b04e7ea7abc98e84932efec57d379f5bb8f71b73661e7fcc31b32ebce6970d8bd7b4cef8c475730ab7cf993e61b70913cefa41d3a47d76ab1191fdcfbbfc4cb9e32357cf6f2d4cfbc2ed379fd97adb47664e993ce5b40fcf6d785de4a84fcffdc2614f7ee1b403264f9872d1dd32f580dd0a225298f19ecba72cbafa92ef2fee7a9f7b9f7fd51593167e7ee601534fbbe43f1a1ac34957fcf8277382791f9f3565c221534efbf0771b5ecbf93734c06c4b4da2288aa25e73438f7aff0c55896353b328328ba2a82dda65749d99a84a563de4e4e4e43b691e8ba8592caa66b198591c9bc4711cc5165b548c1fb8e5f702d0df9cfca1d35de0345055e70227aacea99496fd4fead3e24844d29a8c638ba84918284efed0e9ea9c0b939a54e717b916553511a76a5231c76d727272f20ac8d7af6e0aaa030d82205053754ecd64e3239b0a855ac98350a47c9f42af967831930eea21272727df5973f36ac96d5d2d7373d7ccd600fd879999999a8a9a89a988a5ef2ab2dba4eaab939a8401c4cc544cd29af48596d46456cbdb7754727272f29d2af7fd6b1533eb7884cc8550243d91a02222e9dd0ad53a8d64e0f1783c3ef14e24f63e39f7955de615a01fd11491e4055a9d4af9c59b9a84c1664b35a9a2d2c52c003c1e8fdf99bd3f5466bada6ab98e02f85900ea4f1a88644e1e8899a98889281e8fc7e39343a33f4e5a7a9c14b134cff1500e3b36fe75595d5a74a6aa1dea939a8441652b35d9b13ef1783c7ea7f6c931337d3fe9f31c8fe161790e809a962fe6129134475114451335d1f4d8ada9aaaa66c67b01fa95f48441471515314db6a0266110d9524dfab2d3dc8fd5288aa215a4c93132331520fd6e3e84e9592d51113349660388942627a8e2f1783c3e19cc3513b17262a92f6d0fd0bff892f346ad744ec17f2fad4f6a1206912dd564251cabf1783cbec27cf2126dc9f133bb4d2e845a1a80f0172a683a5e911998c0e3f178bcf8418092374906759d59245c770d03447ad240d2797a3e94d2f9036a1206999ed7241e8fc7e345cafdebd2a132df976897e79303006c97a8f8e378e9ebec1700fd4be6fe7f5a7ed3a01d37a22661d0e8514d02004085e28700b4bd6aa7849c9c9c7ca7cfb58b3c391726aa2ac52812807ea51845698d396d578122a2e9098576b9aa8a386a120688b426255393ed8f9fda9be32a393939f9ce9be7462822a5cb1352b54e4949859c9c9c7ca7cd35892cf9501133553135117d75e5ab13761f2f00fdc7ab2b5f151151d3d2527f4919aa88f971a9b426255393464dc20091d6a4646ad253aac9ca3a6e9393939357406e19afedb7cc013f04501a87b0cc288575caf1783c1e6f22aa2a662a128ba868ace244a3879f5a40770bfa97879f5aa0aa2a2ebd7c3039bd2f22e98bb550933098f4bc26d347e0f1783cbe74782c7993fc7069cb4a8dc0e3f1787c0fbc8a24e7c1fcc15ce735fc8e79d7d08f14a3685ec3efd2b70dfe8200cb9c74a52661b0e9754de2f1783cbe5b9f1b7eecd6bf6b10493e25f72a4c6f5c88c7e3f1f88c77ea2f82555175aaaacea9aa5bb56ef5bfffe2a6cec75980be71e32f6e5ab576b5f3e5e57ce969528d4a4d420ef4a226f1783c1e9ff5fe309ac93b1e610791608f23c68b9f8a606266169b4571a1b646c4921c455114ed4245cc4fbd36317f6f6c796ee9f3abd6ae997ef051ce71bf15e83bc528faf6cfe7fee1aff3d589a8734ec477b5c4a93391645180f43d043509034e5f6b12455114d5d6e6160d9c1fa3174d8e936daf15c3b02a9743ba4ebb68a66ad2f98fa3d88a71b439da65749d5969b042f0783c1e9ff85824e95b491c9b3f7c5a6c716ce24751cd46d78d3e7be619c71c3a6dcfb17b844128003da318155f5df9dac34f2d98d7f0bb55eb56abaaa8ba4055fd79fee40cbf88587ad25fa8491848fa58939570acc6e3f1f88af1eb573705558186cea5030166b2e1efcd8542ade4814ebb68a6889899c416c7715c8ca3b6a86e4c9d59575bab90939393efd4b989ef6ca988c566e9f13321d3e94abe67c90354acbc9fec0eb5fd97e43b47ae9a89d353a769b74a54555cd2cb4a0854fc3b0acd5cb8a7a22a1627352949398a99a9591c273599295111f1552adeb66b5325fd7ec873c835136b5a64eaeb32a949e79209ffe512f55b3b314b6ab2ddee2be4b84d4e4e4e9e6bbe7e7553581d68e89c73928e9ce6380410968728928909a5c379f635c14a4a4e4e4ebe53e76a6ace24165375227ed6b5736ab1999ac616ab6a322020e6c46213158b455cdaf1eab07fd8d948eb4a4cda77e745a5dcdd4afaffa2eacadf4f3a66e95880df8f334da6fd277764533113e75c6c26a662b18a9a9998c5624e343611314b6b926a048faf1e3f3c9576e7cb43004e54d29a4caffcf7b998889f1390d94f451db7c9c9c9c973cdd3feb5882687d57c5f73433f4a919c1948160448bc473549329e9c9c9c7c27cecdccfb5844c444552d4efb51eac4e72a2ace2c762a22e644452c39f3abc9fddbc4bf1e64f68fdf49bc263590f4e8451227cebf71508f88bfc03afdbe992f2c4b2ef82fd7a4646ad23235292292d6a4a9b84c4d5aa626d3f654caef079f974ffbfd5dd4a4646a52333569999af4fba9c8e336393939797e79aaaae65fa4cbdbe4824effc04c11358b2d168ba378b3459b8bbb8c1e2199910c144551b49d26876e7f063536d3d2d9fec49b269768271b961e2b5609ed472b4055a49c6497524bceb2a62aedceff8befc92b3589567c4da2288aa26222ba7ef5baa02a7455aa2e50277efed4fa87735d0b4055cc580e108fc7e37be34d6233f5c776b138f6ef84cdd2c9543e4f47792d79ac544cfbf115e2d5fbd23c6a15117522e22764fb39d72249874cfc7fd4247efba8493c1e8fc757e07280d33ff02611f1430016c7f1e6389d050000005ba47471bf17cbf4b25293f97ee951edbe829d97d21b0449fbe1bebb955920407caf2bdda2f3726b1da126615b18889a0400d8e94967013875ae742395f50fbf91db7280e9db00cb7c4887f7060000d005eaefc566527e3f2c7e9e75f67db4f99365e584f7cbd009950e7d2f4d170128558ffa82dbea7ea849e817faab26010040a47d5f3b6742693778abe997bc1b0000e801fe1601fe80aefec0eec7762d8d4aff3254c4f11f72a5fb9759cd564cf9738fcfb55293d03706ae26010020e9686ba6c79d1b7e16807675f2bff36206e4e4e4e4e49d72353515dfbfd23437d58e8b6365f6a395d47ef28ac8a55daee5efaab8f49b3ddebf4aa626d3dc343dd9ef93b8dd7e7ab57ff29d2297767939f63599add2ca6c3f3939397905e6d9efe68613c9dca85032cbbb9293939393f7307722e94ddc9d6a2969a7aa22ae9392933b759ad689a4d5222acea9aab824ef6d7d966bd2656a5232355979bf07f2cac9cb35a9999ad44c4df6ac0ec9c9c9c9c9bbc9253f823d8e98e09d9988994566715ca8adc9b14d0000db2bfe282f2aa25e3b7f1745bbd0c4662aa7d377fb083589565a4d0200ec64b436b7a8731aa8a8aa26afc5adaf6e0ec3aa5cda136ae9509e0c4af80fcd4c4ec0e3f1787c6f7c797dacf4106b15d3367c657a1dbcfd5393f88aa8493c1e8fdf69bcef5fab74d9d7ce81641680999827b238621600000000000000c0b6929d05501a8acf7d16808a58e90285ccc8048aa2288aa2288aa2288aa27dd4cc2c00ad845900ce4c442c51c9781445511445511445511445b75da543921b7af4074ff2adb0d82c8ae3621c6d2eee327a449e8d02000000000000d8fe59bf7a5d5015bad069e0d4f90901d2f4b78d85426d2eed7166e6470044cc24e35114455114455114455114dd76edd8d7ce0d6601000000000000000c0815370b4092a50850144551144551144551141d1ccd0727a222e2172ac4e3f1783c1e8fc7e3f1783c1e3ff03e1f823da74ef42eb92a21368be3426d4d8e6d02000000000000d801686d6e51e7d4697a15808a48ebab6d6158954b7b9c88a80a8aa2288aa2288aa2288aa283a039c22c000000000000008001a1340b40b422660184aa22a22226aa92b4cab7cc92bcac1e7272727272727272727272727272f2ade7a51e7649454cf223d8e38889226296de1730b638621600000000000000c0b6929d0550ba0ca012660188a84817b3003c783c1e8fc7e3f1783c1e8fc7e37be7dbcf02d0dc6701383311314b3ee1f1783c1e8fc7e3f1783c1e8f1f509f1b7accc527276d89cda2382ec6d1e6e22ea347e4d92800000000000080ed9ff5abd70555a10b9d062ebd2fa0acfbeb8642a13697f6b8741c0245511445511445511445d1c1d0bc601600000000000000c0805071b3007279560000000000000018649c487263024d3e95bde2f1783c1e8fc7e3f1783c1e8fdf069ff6b2cb798e047b4e9de89d9989bf1c208e0bb535f9360b000000000000607ba7b5b9c539a72eb92ba00f5b5e690bc3aa5cdae367016849dbcf024051144551144551144551b4efdab9979d23cc020000000000000018102a6d1640581e84501155afb98f4c000000000000006cf7a84ad2fd4fc8b73961e9ce841eb1e48b7c9b05000000000000b0dd6326964cba970ae867330b000000000000006060a8b05900ae340ba0a47e64a2736ee4e4e4e4e4e4e4e4e4e4e4e4e4e4e43dcebbeb5fe7851e7bc99b7d232c368be2a818459ba3bad123726c13000000000000c00e40d3ea754155108481064e5d320b60ed43eb0b85da5cdae33a8f58b41fa5c0e3f1783c1e8fc7e3f1783c1edf17df5dff3a2f980500000000000000302054dc2c805c9e150000000000000006193f04a02292ae4c88c7e3f1783c1e8fc7e3f1783c7ee07c6e047b1db98f7766266616c7165ba1b626df66010000000000006cefb436b7a853e7ca57018848cb2bad6158954b7b9c886f078aa2288aa2288aa2288aa203aeb974fe3dc15e474e14916455428be338b6382ed40e49162e1411513c1e8fc7e3f1783c1e8fc7e3f1bdf5adcd2dea9c739a74ff45452cc75900a16f8588889a6809dfb212783c1e8fc7e3f1783c1e8fc7e37be77dff5abbed6b0f36a19989a859b2144049454c445114455114455114455114ed9b967ad9622256ca73438ffbd05b44c4cc2c368be2a818459ba3bad123726c13000000000000c00e40d3ea75415510848106e515015fff4b53a1509b4b7b9c99881f8c405114455114455114455174e0352fb2b300c4a2289d053052ca9313148fc7e3f1783c1e8fc7e3f1787c6f7dd3ea75415518842e9d05e044ac426601181e8fc7e3f1783c1e8fc7e3f1f881f679e16701a8599cce0288a3cdc5741680a2288aa2288aa2288aa228da376d5abd369d0510a893dc6701047b1db94f62cdc4cce2d862aba9adc9a535000000000000003b0cadcd2d2e50e792b500554544362d6d0dc3aa5cda138aa877aa62e25ba4aa5a9a9ca02a66ed949c9c9c9c9c9c9c9c9c9c9c9c9c9c7cabb948d2cbf61fd9be762e946601989989591cc716c7056601000000000000006c1badcd2dead43955974c01905c6701b8d298048aa2288aa2288aa2288aa203adb974fe3d7e16808a989988c5716c16c785da2195b070028aa2288aa2288aa2288a6ebfdadabc499d734e459daaf83cc759007afc874f111133b3d82c8aa362146d8eea468fc8a535000000000000003b0c4dabd705554110061a242b028ac89a07d7e5754780d02f4560d6f10300000000000000b6857217db7fe44da89a5a1551d1f40300000000000000b605d58e1ff9e24ab30050144551144551144551141d04cd0bbf16809ac5168b4551548cd3b500acd362061e7272727272727272727272727272f2ade7e95a004e83409da83a11cb712d003f0bc0daab754ac8c9c9c9c9c9c9c9c9c9c9c9c9c9c9fb25cf8dd22c007f4780ceb3003c783c1e8fc7e3f1783c1e8fc7e37be7dbcf02f07704c8731640b0f751fb268d3311338b638be39ada21996d148fc7e3f1783c1e8fc7e3f1787c6f7d6b738b0b9c73aa4e55c5df1470d3d29630ac923c7022ea3f54058fc7e3f1783c1e8fc7e3f178fc00fbdc70222622925e9680c7e3f1783c1e8fc7e3f1783c7e807d3eb8d238048aa2288aa2288aa2288aa203ad921fa5b500c44cc42c8ecd622bd4d6e4d826000000000000801d80d6e61675ce3927aaaaeafbff39ae05106a69004255d48b1f9a284d4ec0e3f1783c1e8fc7e3f1783c1edf6baf92f4fdd38fec363910ec75e4be2262266666b1bf2100b30000000000000000b69596e61675aace256300225201b30054c4d25900ea4729442c1db74051144551144551144551b4d7aa529a05a095300bc0f90509dba9744a5014455114455114455114edad4a97796ee8091f39cdb7c262b3288e8a51d456ac1b3332cf46010000000000006cff34ad5a1b5487411868e0d4f969f7b2bae1f542a13697f63833f323006515e998a0288aa2288aa2288aa228da5bedba7f9d1bcc020000000000000018102a6e1680244b1164553a25e4e4e4e4e4e4e4e4e4e4e4e4e4e4e4fd9b0f364e444544fcc28489978c272727272727272727272727272727efe73c1782bd8fdad7b7c04cc4627f3940a1768888655a86c7e3f1783c1e8fc7e3f1783cbe77beb5b94503e79caa73aa2aa222d6bca4250cab240f4ab300929109d5b2272727272727272727272727272727efdf5cf223d8fba8fdbcf36b13c6e5590000000000000000d077d25900a5b50055449a976cca6b1640980e4298a88a8aaaaafac10a4b7214455114455114455114457baf9ae96567fadab991cc02304bee0b18c7711cc585da9a1cdb04000000000000b003d0f2468b064e9d13557f198054c62c0011153f2ee149c72d3a434e4e4e4e4e4e4e4e4e4e4e4e4e4ebef5bcd4c3cef4b5f3c499898859fa29e3c9c9c9c9c9c9c9c9c9c9c9c9c9c9c9fb3dcf0d3df1a36f4dda129b4571548ca2b662dd989139b6090000000000006007a069d5daa03a0cc24083d28a80b2eacf6b0a85da5cdae3b2e310288aa2288aa2288aa2288a0eb4e605b3000000000000000006848a9b0590cbb302000000000000c020531e02c8ae4c88c7e3f1783c1e8fc7e3f1783c7ee07c2e04e3a7ede79d99497a3940a1b626df66010000000000006cefb436b768e09c2b5f052022cd4b368561552eed71928e43a0288aa2288aa2288aa2283ad09a231d6701c471cc2c00000000000000806da7340b40544bfdff1c670184e5410815df26cdb40c00000000000000fa867622dff684a53b137620df66010000000000006cef94bbd8665201fd6c6601000000000000000c0895360bc0956601a0288aa2288aa2288aa2283a089a173ae3636ff38df0b7038c8a51d456ac1b3332c73601000000000000ec0034ad5a1b548741186850be2f60e3ffae2e146a73694f69168074527272727272727272727272727272f2fecff38259000000000000000003428f66019888fa91815e2f15e04715d44b0f1e1cf672ff00000000000000d01f98889aa8f6a1f3efd17662b2b56100577a54ba32211e8fc7e3f1783c1e8fc7e3f1f881f3299afceb27b6beab60fcb4fdbd333331b338b6282ed4d6f45f230000000000000076465a9b5b3470ce95af021091375e6e0ec32a317ffebfbfd9e26e4bb30034333281c7e3f1783c1e8fc7e3f1783c7e80bc0f32be1fd9e26e4bb300cc4c32b30086647780c7e3f1783c1e8fc7e3f1783cbeb7beb57993068173aace77ff55fc2c80201ca82100d9d24480b03c08a1665aa2ebd6e3f1783c1e8fc7e3f1783c1e8fefa14ffad79dfada5b5fb86f1bd8c2ce43337fff8174168049e29347a1288aa2288aa2288aa228da17cdf6b5c54ab9880ed800c016d199979e2ebe3db1c5511c17a3a8ad583766643ecd01000000000000d851685ab536a80e5d18b8a0bc22e0ca0756150ab5b9b4c79989f8c1084906230c45511445511445511445d17ed2ce7dedbcc8ce0290388ad25900bb266d14294f54c0e3f1783c1e8fc7e3f1783c1edf63dfb46a6d505de54297ce0270225621b3004c32def0783c1e8fc7e3f1783c1e8fc76fb3efdcd7ce0b3f0b40cde27416401cb56d4e6701288aa2288aa2288aa2288aa27dd3a655afa7b300027592fb2c8060c2f4fd136b666616c716c535436b72690d000000000000c00e436b738b0b9cba642d40551191375e6e0ec3aa5cda138a6862d5ff531155d5f2e4043f78e1ad0a393939393939393939393939393979cf725551297da896b6cf85d22c0093cc2c80422db30000000000000000b689d6e64dea170274ea070324d759004ec4cf454855b46382a2288aa2288aa2288aa268dfb4532f3b97cebfc7cf0250113313b3d862b3282ad40e113149e62ea0288aa2288aa2288aa228da6b6d6ddea441e06f07a82a3ecf711680bee9b23344c4cc2cb6388ae3cd51717371c49891b9b406000000000000608761ddaab56155e8aa0217242b028ac88afb1bf3ba23406866226a26e65703101193e49368ba191e8fc7e3f1783c1e8fc7e3f1f85e7a1313bff29e8895f2be337468ad9935376feadbc3433f082122a2c97509a292ce4f2881c7e3f1783c1e8fc7e3f1783cbe97beb412808a76d1d7ee35177ff0dd711c7f77ee0ffbf670e76f5a9055e994a0288aa2288aa2288aa228da5bedae7fdd67c230a8aaeafb3a02c9820459954e098aa2288aa2288aa2288aa2bdd56efad7b9e167015856a55382a2288aa2288aa2288aa2686fb59bfe756ef83b02a859e73b0298747d89023939393939393939393939393939f9d6f3f48e00ce25b70654115971ffca9edf11a0ae6ef879e79e519a3c70dcb1479ac9df1e7e2c793eb33beebc67fdfa8d3ddc5b98b6d232c632ad1711cd244a4e4e4e4e4e4e4e4e4e4e4e4e4e4edeb3bcf4ddcedbf788a143876ee1e201551d5a3bb45743009a3ed244d47fa88a5929c7e3f1783c1e8fc7e3f1783c1edf079f2e0ad0a9afdd43962d5b71eb0f7e51fab2ae6eb89964935ee14a2313c9850a783c1e8fc7e3f1783c1e8fc7e307d6e78313e9303281c7e3f1783c1e8fc7e3f1783c7e407d3e0413a64ff2ce4ccccc628be3b8aabada399763b300000000000000b66ba262d4d6d2ea9cd3c0a56b01aa886c7ce98d30aceadb3e8f9e7e441cc77ffffb137d7b78a8a50108154d3fe2621456055d6dafdd4c5a2027272727272727272727272727272f13178baaa2aa9ae96e6f23bff8efbbaccb27ef19a17fb099988924f72c94d64d2d5535d55d6ddfdd539193939393939393939393939393939769ddd42a96fe67dd3fae37ac5cb97a5b1e1ea6972298a84a3a3ed1b6a92dde250ac250c4d2910c14455114455114455114457ba451b1d8b6a92dac0ed25900898a583f8c04f415e717244c545255dbb87643394751144551144551144551b4c7ba71ed065133119154cbdfcd0d3de9f259492bcce2288e8b71b4b9586c2b466dc5a12386d5d60dcbb37500000000000000db1bcd4d1bdf58b731a80ec3ea30a80a5de85ce092990022cbff674575f510ddf68501bac1ccbadbb93333114b8723c48f52f8750ad7af59f7c6daf5e9775114455114455114455114dd8abeb176fdfa35eb4445554c44d4cc929e79ba4d6e24b3007c332c8ee3288e8a51d4568c3617a3b662548c6b860d193eba2eac0a736c25000000000000408553dc5cdcb0baa965e3a62074417518548541751884810b9c3aa7eacfb7cbf2ff5951a81ed20fb707e80eb3ee76eea4b414818a949628f0372d0c9c06b26943f3ca175e7b7dd9ea4debdf286e2ea6dba3288aa2288aa2288aa2286ac5cdc54debdf787dd9ea952fbcb66943b306993eb55f025045ca5d72139101ecff6f71e761d2105531535573a22e0802b120b058fcdc0013d9b4be7953d31b2299390bd9d90bdd2d6a484e4e4e4e4e4e4e4e4e4e4e4e4ebe43e6999eb6aaaa53e79c06ce05ce05810b02e79cba408364098074fbe45126a6a2d2df58f70b018848e9b67ffea75055714e63732ef4cb040422622a12f94b052ce9f99b741c5750932e5b4f4e4e4e4e4e4e4e4e4e4e4e4e4ebe43e65ed29bfeb94035704118b8d0b9307081734efd469df73210fdffa431dd1326cf6ba24e2d36a7129b3a51b3a0f4f8482375711c9b98592ca2e6c73cfcf505254df6a3e4e4e4e4e4e4e4e4e4e4e4e4e4e43b72aeeafbcb62a6ea44549d537549cf3fac0a34702ef05303c444c569693f654cba1d65e80b5b9f581026cf2a62262a6a22a222ceb9740420d648542d8e35368993b900d6ed0e01000000000000760a5444fc8a7a2e1d02089c0b7dffdf8973a26aa22a5aea77777ebc1f0830114906167a81dfab7ad1ad4f2c08d53fa598888a9a9a9a1333353f91c1a9731a47b1c566716c2666b198889859fa2814455114455114455114ddc954fd097c1555a72aea9c3a7581d3c039e734d0244f7ae6d9c7763590d0cbce7ff9a1f5845dde000020004944415419d92aa199a42de8d00e55274e5c2cea54cdcc622766664eacb469a7a603000000000000ecf868e95fb21680f3eb0138e754d32500c4779bbbed770f36a559001e4b9aefa7fa9b9a1335b358c54ffff7b300fcf61d673058c7fde0f1783c1e8fc7e3f1783c1ebf037a1191f4ccbda93a49cff6abf3230122eaffd3aef6931ba199f81e7fbaa481f72ae9b27fce492c4ec5625315317f9541c78510d4ccba5a20819c9c9c9c9c9c9c9c9c9c9c9c9c7c87cd454455cc4f9f17714eccf7f74dc58999a9aa99a85a690f790e01a8aa48b9dd65752aa2eacc445d2062128889e4dc5c000000000000808a4235fdac2222be332ded7ad91dfbdd79114c983e291dc3e84a7d5bfd5845a9dd0e45511445511445511445511511df7776e96400df77eeb6976db6f1a58d61582579a0277ffcac5c9e18000000000000602764d99f96170ab5b93cb5cbe559010000000000006090d1fafa3df26e03000000000000000c3861cd905df26e030000000000c0768c533766c4f8d668635bd492775b60bba73aa82904c356ad5b125bdcef3b0ffb7d8f0000000000003b1563468cafae2e1cbdcf29430ac3f26e0b6cf76c6addf8c40b7f1e3362fccab52ff5fbcebb1902702e3ae9b468d6f9a21accbb3d78e05e89b769f86152c19d3bbcea9821c11ea11391d78af1df9aa35f6dd8fc5c5b5f763b6a54dd98d1236a6aaab5d3ed14cc6cd3a6d655abd7bdfefafa3eecf9905a77e37ed5bb86e5dd3615ed932fb63db1b1ef3f7e3864cc88f1670f1d7b6c3864b717fe78469ff79365df7d279e35ebf4a38e3a62b7ddc68ac88a152b172c787cdeddbf7ff1c597fb65ff000000158b73ee84e38f9df9a613f6de6b2f1159faca2b0d7f7ee8c1bffc35deb6f72a0000db424bb471ea5e271737b9a637dec8e6056bbb72c3ed7bb52e97a828c5a244d11a1d76ed1e1f5e1f0ccfaba950f938e70ed9fb84bf2d9e37103bd7bdc71fd821b27df62f5e7469bcffe4f2462f3d1ffef026b778511f9ea05ae5b3a30bb38757b98ebd7589cc6e5f5ffcc69ad6cdd68b1dee3e6ed7a1436bb2c9e661f2f7afc4f58feba4dbcacfb17163cbf215aff7709fbb55eb7513abc7d7b8825aa153435b636b355dd2125ff952db8ab65eb45555471df0c131933f2c414144a2b6d717dffda6d2776baaad75b35a6f7e7611a9aaaafac4273efaf6b3cf70aee3528e5114dd75d73dff7ee37f168bc51eee6de2c4dd47d4f5749cb2a969e38b2f2deb455b010000fa9bc3a71c7aedb55f9e3469bf0ef9e2c5cfffebbf7ee11f4f3ed5ff4f5935e3ba476e9a3dd249f1e9ebcf98fddd67a39cf7d35fe8a80b7e7cef3bff76fe39df7b29efa6e4c676f84628d8e7a33fbfe7d85fcd78dfedab7bf91e32a1d2ea7007a276e8f037edff9e382eff8fd94f961e587c6d52ebb249ad4bd3fe7f51a2a214a357aaea9f1c32f9a5217bfe73d84139b6b92f68ed895f38f7a8c7effacedd1bfa5683d0439cd3ff7dee67cd6f6cd8c23655f5135c58b3850db2c4c596cd8d2f4bc75900c377299ef39ee8b459d2be7b6913f7dbfc6f37040fde1ffcec166d5ad7f37657ab7c7f5ccdf4215dcf350854df5d57b54fb5fbf0f24d3d1c051835aa6eecd8d11dc2978f6f6bddb5a571ba4cfd4df9203e6cd8b0d6b6620fe7027c6b9fea836afd8fdc69a042a4e0b42072e850f7ad7daa2f78a6b5470d1551d5dda77d6d97bdce88a3e6554fddb07ec9bc62ebdacc77e57b17bd2a2297ff788f8d2d3dbd2f435555d5b7bff5b5a9530f2f2591e9336b7541a33b6c543c758c9c7beed913268cffd4bf7cae87a3003d7fd91391bade6c0c0000d0efbcf9cd33e77ef786eaea6a331391954dc5d7d6b64d9d502b22fbefbfef2f7ef1c3cb2ebfe27ffee7cffdfcac9b1bae3ce2902b87cfbaf5e1f70ffe7ec22957ccfff99ed71df1a9dfb76dd3934397f4df1ba1dab36f7ee8c6530b1dd2b6ffbdeae88b7efd7a7ff6936cc3337ffe6df452dfaf35efaf7a86aec8f6ff0f74cf5e5a756b5561b34c7a8bb41e21ebd6ca51c74b50257f992f41b05758b5d75f7f6faa3fdaf38287474cdbd24ec371b36f7aeb092355cca2b69655cfbef4a71f3dfac82b3d3de107db2fd972ea8e9ef7ffb31b973be7f1d4a38b977dc66a8776fd08d568c69be3a38e09e77ed33dfef71e3ecdbf8e2e74d9ff0f0e995273d557db7efa5f9beff9f5d14382cf8c2a7c75758fbad6a347d579f3f2096dfff7f696e36f1c3a6269b0624a51445a77b1d65dacb0bedc871f337a640f8700166fb2836a454486bcef93e14153e3575e080f3b5a448a0bffeef698103df7cfe6ffbac16fd693bd79461df0c15df63aa36dfdb3af3c7c45db86a51dbefb99598d271fb4b1b9cdedb9ebe66796757cc1e88e4f7ef263a5feff4f1787c78c8d576f928756047b0fb7baeaa46d471e79f8c72ffff0b7befd1f3d6fea0d37dc70d75d773df8e0833d7f080000c0203371e2846fdd706d18862f36b68e1e1e0c2bb845cb9ae7deb7ea4befd8ed570b5e5fd5d476e3fb277eeb866bdffe8e77bff4d2cb793716b627fae38d50cb035f7ed7dbbea322e1319ffed1e7aa6f9afdb5bfb68ad8c6e54dfd7c9e345ef5c04d9f7ba07ff7090342bdaeaed2cdb2c764f9daaf654866ceff27bfd4dcdc3cff8f7f7c61d1cbbaf4c575e13f8bc3a78441f5167716bf74fb1f7ffed7d660c8f083ce3dee5dffb279f9a71f7b85091c20d27af6dcde3de07b6f1191f2f9e7e2c59777dbff4f09ddd0bd8ebfb287fb9f5470e70fafea9ceb8891355fff8e8ea92f7cf2b355b3ce119177ee12ee57dda333e1715cdcb871635371e3a2335b8a43e4e5439b9ba28dab0e4886c156eefac6c60c51d4d301f32386a98884930ea999f59e70ff83ab4f3ecb8d1eeb468fad3ef9acf080c30a67bc2b3ce888d2663d211c3266cce40fc7517397fdffd30edbf0b137af1191cffe625ccffbfffbee3bf1ecb34ef7fe6f2b5c5db5ddf562d01aebf34d6e535126ee527e8579c73b664d9c38be87bb15919ffdec67975e7ae95bdef2969e3f0400006090f9cc959fa8a929c4717cdbdf9aaefe75e3864dc513f6abad1fee3ef38ba551149f7de4088be39a9ac267aefc440f76a675875ff0cd5ffee189a79ff8bfbfffe6879f7dd3382722c1de6fbbf296dfdefbf8fffde3d97fdc7bfb37de79e8d65ff7bbda8f8ebae0278ffef6a31303111119faf6b98beebdfca02dadbfdcf5f306fb5e32eff9452ffcf683fb0c3ded7b8b172d7979d1733f3a6757dfa270dcc9577cf78f8f3cfadc330fddffe32b4edd738bab3bbb7117ddfed8efaeff971be7ddf7e8e37f79e087979d30bafca6cbd51df1919beffec7338f3ff6db2f9eb147b0d5edfb892e7fff22b507bcfb9b3f7b68e113cf2d7ae8c1df7ee77d0707c9e6dde5ddeda797f4c71ba178fdabcf2e5af4cca2458b5f698ae3f5cb9e5ef4cca245cf3cbdb429922dfcffaa3ee5db0fffe5cbb3cef8dcadfffb8fc79f5d78df2d17ec3de4cd5f7fe281ffba655ec3530fdd74f945ffef9e271e7bf4971f9a52232252fdb66f3dfbd2a2252f2f7aee27b347976a53475df093c7eef9b78baebaed9e47fff968f9ff635fea19fa93e1ba415c201fffb96c58233fb84cae394d5e7ad25e5bf2ef271cfec5fff799f113f7bce4cf8f5cfcfc8ab37e74e3b0fd5e79e695bf886c69b8a86dddfac6d7d62d7bfe9507e62f6b1bbbebb8e46c6e70e8e5eff9e207f73d62ce6957fff07d37fce8fc4b4ed9c5898e3a66da255f3fffabb7bdef861f9eff898f4ede6b888888db67eae77e7cca31c9e954d1e1fb5df2e3f3de3ec9898804c30e7ed79b3f7bf39c6ffdec82cf7f7edaa163b6fa87a4ae7ee2f9d7bcf3ba9fbdf70b571f75f0aea5d2eab23d2235bb1efb9133bef4a3f77deb27b33f75e9e43d87880463cf99fbee0b8e08b23b0d0e39f6dffef3b849a14861d7e33e7ae6977ef4be6ffdf4822f7efde41913d3f674dbce6e9e17baa1fccbb15d3b4eb0cfa266e39e8b8fbabbb8c74b3dedb29edbd5f5ff6eef09b6617ddb2d73c54c54abdf73918804aae7ecd2c5604167860d1b366cd8b0c6d3ab370f1711d97080db38ad10a707d2b6fdaa8765183ebca76b6cc4a62232e403574a1cb5dcf5938d5fbe345efe4abcfc958dd77cbce5d73fb262b1f6439f1391c87a7ae81c31fe6c090aab167daf73ff7ff2eeaddf99b34c446efa9f51f31eefc51d19cf9a757ae9faff63768b8755c9936bdc61a3e273f6293636ebc6cde5b60541306bd6db7abee7c71f7ffc6b5ffbda25975c72c10517f4fc5100000083c69831a367ce3cc1ccccecf293ebde6829defdc47a113bf590616dc5e8f253eb674c1e1ec7666633679e3066cc96ded2884830fe9dfff1a3cbf7ffe7dc0fbcedf4b7beff3b7f75e37c27779791f68f1f7ef17d679efe96777dfd91899fb8f9ff1d3ba44ffbe92d5d3e6ff4c22d67ed77d0be67ffe0c537eefde8a483c64f3868fff7fb29e53553aff8deb74e5af383cbce3fe9b48fcc5d76e237bf3367df60cbcf101e74f27e8f7cf2ac69d3cfbd7eddd9fffee5b78e4ade3504fb9d7bf6c8bbfef5dc733e7d97cefae2a5c7d46c65fbfea19bdf5b30e13d5ff8c2912f7ce35d679c78eafbaeb8f5c9f5c92fb3bbbcdf7eff03fc4668cbffbf74d7d33f7ccec61fcc39fe98234efbd75f3ed76a22c1a8e2df3effb11b5f9efec9d9ad5f9bfdb907c69d7fce945044dafef02f074c3cf4a46f3cb5b9e35304079e76f88b5f3a6fdad473bef3faa95f48ff3ff6b69ea17f19abab64c46eb2e741523f413e3857def221dbb4e1e35ffaf25bfee3d66bbef1f5030f3ab0ba505d5d5b7bc891477cf39b5ffdf6ad57fef3b57bb73c0a20225a3dece069f555cbd72c2f5f0aa2c38e9d32adf9a99b3ef6d3cf5dd1f0b7578a265a3b4c5efefd43fff9995f7ded4b0fbfb0db9117cfd9a35a245eb2f49f6bc71e3aa5c6ff350f396cef7dd72f5df8622c124e7cd729ef3d62d3ff7e7bde35ff32ffbed57b5ef0f183c76ee54f49f79a39a178f7fc6bafbcff619934e7c3fb8f281f223ab727dcff82379f7b40d3efaef9f557bff4d8f27da67ff0bdbb17a2b52fbfec769f383cf33c3a72c2a89a9757bd16e998538f3be78075f3bef4ab7ffbd41f7e7a4fe3a664e75b6e67e7e7856ee9d14d0177698cf75b100f5ddbbbdfe4b1433abe1c05071d5af38d1ba3471f6eb9e62a2916ab3ffaa996af7fc97febb84e1b7747b160cfbf39b96a60ddded1b2a9451119bedc6d1817afdfa38f1362febe219a5813c62b5f954987d4bcfdc268eaf1566c13d121efbd2c98304944a225cf89c8dfd7f774a9e1a1638f1591f54be6894810c8b7dff3da8fffb2eb632f0e195613df7cf1abb5d5f15f160fbdfe77f5bd6ae451471de14d6b24fff77a70e498784d4bb1b9286386d86693fb5e09eaaa2d3279ebde91884c9f7664af76be7cf9f23ffde94f3d5f47100000603039e288c344248ee396cd36b45af71a193cbf72d3df9e73bb8f08a362b4a92dbaf6b74b0fdeb3f6bd27d4fb8defbbeffeee77161cfccef74e7bf9d6b77ded772f4622b2fc96a77d1efdf3e7d7ff33d966d9f76e5bf0814ba74e08fffa74b7af8dddeca7d7bde55e3eefd013dfffce9a3b3ff4d53b1edd2c22af5dfb5fa7ffe53da7eefd932d2eea1737fee127b7bfd862d272ef8f7e7fc5cfce9859f7875f378988bc71ff2dd7fffeff5ae4e95bee78ea82f30edc3d78e845eb66fb75fdf58ebabbdfbfd68fabb7a5bf7ae8e9656b4c56bcfa7cba7d777977fbe90b03f846682bffbfb4fab5bbbe7ad3df5e8944de78fc4fcba5facd527cf51f7f5df47461e18aa6fa471f7dfe9fe35fae3b69b782c816da1637fef1a777bcd062f2ca1fee5bf4b9771db87bf0d08b516feb19fa99c5b6dff4d71f931b2f904ffe5282509efad3bfaf9bf0b17ff9c43efb4c34b34f7deaca3beef8d5860d1b0e39e4a06f7ffbfaa38f9e3ef796af7ce2e26f1eb8e7f15dedccedffc1d9375c241a06f1ebafccbbf6c9cc55001aae7afeaedf2c5b138b6c5af9cf352222affc69c12bc97737cebf6ff9cc73c68e095e7b2d7afdffb777e6e14d5569037fefbd599ab44db7b449f77da1b495ad5061440b820e8828b80c88809f33322022028f0e8b0ca28f8c882b33c2b8b0081fa0028f08220e8ab66cb605aa9896d27d4fd3264d9ae5a6f7e6de7bbe3f524b4b933481321ff3ccf9fdc143cf79f39ed3736e73cf79cf7bdef7f205fb84dc28d9e95a1a49d272d5f68bdf377000b2988993a9e2cd3f1555080060dcfbeb880f8665ab343aada73f797bc92f5f17753200df7f563d6e7d626670e539a39bfe88a3c78c9756ec2ab950cd20b01c3914f7d7a7939377699babcdcae4100974854ccabb8ba838f8bd252a4961a8d6db11a156ca91aeb2b2c16a45d0d561ac712a1ea49f2ec601e38e414c00121a127ee65575c260362917448afa998f9cfb7f42ee2f9a38d96f8dd0fdfa7aee5c2132f53c2cd162af5e9847fed173b73fb892e0fcc11a8db4231c0010f7252a5b0cc64887d5ca572c105a26f5c8c7b9fc231a40b145f84338d8b66e200214e291e3f9c66a2a3619c422be4a4325a4394acfd9b66e0080128bb72606914ccdb39dcef87f8bf20d33479ba78db0ac3ba8be2fdb121fc63618244b7747f33c000041900080d0e0c60595aac764b0bf4a6c61c1c4408c3f9252a0b511e59de4f339ec2b256285a4c704a056fb605f50a954797979274f9eacafaff7fe53180c0683c1fcdb502ac30441286b65df3969dcfea44ad34c9b69ee5ca579d6e8208e171c0ede60665987d4991750a90cf3a84c9e921665b8f473e3f56f752230e7b1b5abe74fcd890d918b4802f88616f98de8f115dfda15c5a6a529e2661efce54fbd457c73a392004fa9a385d68656e7d68f6f696e21ef4e8822a10b00046d43ab030040b0586c482af3239cc790aee44d1e7e4ff983db4ebf3b550200cca93563ff74d453006bb7e3c669befeaa66d7bae347261716fd72e1c7e35f9d6db67b2a1faaf1bfb50ba1c1e60b19cbcaaebfd4cd302c00c1b00cc322c4b20e904a2504d8dc2fc65187ce20000020bb9d01e73cfafc3c6386982b7c1a88008a0ec3c74b60d18734296d6e6d4a4a4a74d6262525befefa46a9d46fe3c6d756ae7cf1cc991f3387a78f98a0b2d53a44d440e768a1e1d0897de718521690727feef4a5a39ad795d4f43802205b9dded07f27214bce98396f78764a608094240810741a090080d05cdc64fb4b7cbaacb65450676739346feb79003222442d578c7e7561feb5d62c862002b408403c6ae59cf9632900e02e16bebcb9c6de23810ccd5d4e6f14416bd2435cb89204a3e0b23f444060989fadaeb527f83bd362324923954170b5dac0dca354890dc9f9296348baa0b029264e682a340b20349dabd6adc97b6953dc95f28ebad2da8bbf5ad841fae97a1c30ee706b02200588ac14e27ee145039c8dbc8540bd96f0defd7fcf8f632790317142c3b597954fb9f12806b28ec99ac771d6681611a068a512abfccb91998e02215dde9a6ff5b5a725169e4788e21cf4d60d413bfe251e976fdbb40200f9bfb80500e87f6c04cec12374c17a232f991d85a19931dd33469adf785c0b00344b3ef3718cd1dae3f59036f31c47b7d5fceb212f34f58cd193698ee74e4b1e4c4467b464bd05ee8ee62fe9914c84a4247a2aa3c7b48b7c19d0e1c3879796963636f6dc59d8bf7fbf4c260300bbdd3e67ce1ceff56030180c06738b60191621242691c5ce9fbe6a35d3dca3b98a4772838f5e3252042200556a6de353031c9c20a20896f122181031e0ec413af6c50f56669e78e9d1c5676b4dace4f76f95ae1e28e4859efebebc243198921b68d751b46ec2ffecd1f9f0ae2729aa4727495244afa70212fa2e188841e5dd61fffe95d953b69000806cedb641849d6db950495fdcfaf0dddf4ec81f9ff7bba9ab762ebcffe5479efeac55705fee4e8fafdcf28590a7f9424c37e37622d16fff0ef26b220403e6f1c69e67ccd0a147617a14a6240cd05e0700df854f9a37afe7888e208865cb9eb55a6d068341a55249a53df7ace7ce9df3caf2dd712a1769025993b9bdc58ec0a4fd449cb27dc2ef724a6b8a9dcb7ee460fbef50c4910faccc8d292a78ffad96762b2fcacb7f7d5ecfd4f3b50d65f4e4ec2c7119179fce36efaeeaf920c1693f5ffccd19230cc051b6f3c8a6030000c84ebbcf43d1f77b64407fdc203474b40427c544aa93b8caf37c448a9a8e511a35753c00b0572fbdf35c5ddac8e8949c84e9abb3723e3ef2e129abc77efad02e06dc990082db50f2055e7e731e5f5a074a96103060ff8fbaedddeb56f4ddff0340ab77f735663e7bedf23cad44f5130000d4bf501403fe1da43542289d674704249e96e41cf003805268f346ad8587ab769429274855340010628968441ef03ce127030032224ae8eca8a091d9ebe78ab3b749fc7345d2508ee9ec6689a5bba2cb9bfd5e9ad10efd43008a64e124256769ad373a75ba0e67903f8a84bba204b908d11c8c500a0d6662bc9aff6799b8c9466a0c64943fef14f6b6af00a74ef5f396c4db7e0c0683c1dc6ed4d6d50b829010260a91c1ae33469ee7efcf0e683532fbcee90910fef46195cdcebd7fbc312b5676477c40ed201901e8eacad6b0f177c451176afbbcd94975e6f0d0f2839f14d49804002a2e395e4cb45fabe61c0e90caa483eb01c47633ce635b00a09411a1fdbc2207e819a45dc40b04251603fc66d6e09aaa2a9939634604ecfdd665526e51604484022cba764b1f8f6f2a3e2dd10fea6c00e2c49404a1e590d6f36199aff2c8d6565fe351a20f6ec60d0000b8ceca8243950587f6fd683cb62b7f84df67adb4db72d77a4481e12a05987546088d508045d709a1aa4030b7f71b8ffedcd285d060f375abf0fd79c60c3d5784d4bb280338181084ead2a2fc89fd82952e5bf6c2be7d071212e2bffaeab0b3242535515357e0d204700d9ee71025975304b8de3e11a161310a7dd1b1269d15011061510a8aa07bea38fde58b8e85b931195c145f7abadee902d46ed43a8625a54ace16b30315329d5d3a578d84c528c4606200c8c86025587f6e77fb1581ac5643b77f649498a8651080343a3898b518ba10e2f58deda392ee8d9457947de3c89d3a451da9ef38fedb492e6f365e29305e29b8526e9db5785484f89495f5d84f8c4f5c1fea4142a3b4737cf677dc4deeff01e01cddf37ddc6fff4fdbba5f7c8effe5d275c26769af6e26f50df8efa7e98908105cc459ad5679030200531c4ff01079c4e194f1beb7c5160100b82a8de3e7f3f6fddb084a44f8c9babfdacb5d2ee6aa34bd025e62d39d050045fc8cde920fbe0b9bf55ec2bc6d717d430086c43fd42b3c282525d7062d3f9adfa611b7d1e40f2da29d15e29f74649242d83189991ad733e645c517bcef2d0683c16030b7391acd15bdde4080f0fcbd4180048e179efea8fe8f1fd5eacd6c54b0e8f9fbd5075764fcf0d73bb263e57abd41a3f17c299c2ffb6c6f49c21fb7ac9e3632411d9d76e7fc958f658940d03734d009e3c645880064c90fad989bd66f91c45697d7464d9e353159ad540639e369b9d60340579435c5dd33294d065458defc8733441ef5786e976f6b6d856113f36302fca412e7154b5be1a7073aa7aeffdba27bd2636393464efec3ba77178deb6d838a5bf0c989c25d4fa6f40bb244044ef9f3aafbd26293272c7961badfe96f0a0659e6f92aef13eec68dca9ebb72d103a3d36322a232ee999e17da52d3c8828772977aa8c405db0a0bb62f4c4d728e437aea13bb0a4eec5c10ef6dd0a921c7f37cdd327c7f9e3143cf553e0d00a0e234acca86f24220fb3d86ab56bdb06fdfa73299ecd967af99062817b700000024c18a88e8a0c8a4c8b14fe464890c55956eb7c1c86cd67707a564ca29004974eab429217da69eaf2f69e6468d9a311aca8b743daedef6e6d3dfdb73164e9c3c32342c22387e74c6c3cbee182cc228c8c6dc316d6c486854e4e4c753e4976bca3de46177b45d3ccf64ccce1d931c189694f4e0ecd8ee9f6aab1d0082b9b18eccb93bac55d3d9566e504d4cf0abd7eb78002063efcd9d3c5e15192e0f898f1d99e9d7d962e66eb49f18975cfb06a23a0c316d21311a9ef478d6cddabd8dae70c8e2981b24a208a2dff9ffda157cd9e5eb2479840ebb37cdf6c5dfdfbfd79f2ec006a1b5360088d4fb430084ea9876600020e68238dc2e8300705e08f492628bb050052008d6579f0bdcf84fd1f0d100c05d2eb66c58dc2be0bd3653c3d1b08c6754994badda1f7a93025caced178755aa4856663c23f0b4b9f1b8373abf3a7a7cf6ec07298a0200b51cadcf6539446c2915b5d8c851e13035f6dab4f13c7fecd809ef7b8bc1603018cc6d0ecbb27bf6ec5fb66c7172b878fb7c758596f9f282f18772262a987a6f7ebce4b7f04308a13d7bf6b3ec201701f886cf962e24d7ac59b6f3845a626e2839f4ee4901c056f0e6eaafdf7af960f14b3643d34fbbf6fd78d7637d3f53b37be3f6315bdef8d7027fe1f42b772ef85c8fdce801bee2d33777e5bdf6f9f947759567f67c57c24ef1a8c763bba8e39bf7b6defdc6c6a397b74af88297c73d75b813755fd8b26849f74b2b37ed59190aa696caa26f76b60eb243e77e3d7852bee4e393c3a4baf3ffbbfce5e37ae4396ca12bf9a1c3cdb801cd06dfb374f392847019d3f6ebb76f2edf56e65c1dba2b77a92760287b3a24dcc07cb94294b1f2eb2f96a53b773cd917eb3680e3d2c649f33f697623effbf38c19722a8434040401085a2a52529eacadabcfc848ebadcdcc1c969939aca9a979fdfa579c25d555b5c3e2c6bbd244263e367deda320708ca9415bf07671818767c8de746c7bed130b67befa84c3a26b2d3cd9943ee95a2577b5a1dc913181ac3a7cb577efc0d5ee3fb9831d3b7dd1f4690aa03b3aab7fd20c66f4434d850d9299f7ad491475955ff9f4a39a2e4ff25cd5be53879fba73fa5f670541777371c98e3d2d0c0000df5cd5498eedaeac1178a46de287d9aa0d1c00006239e9b0d9774f51cbc50e5b5351c99e2ff5c20df613e31a222e7e98f37f81798fa7aae78a384f29207887adba744b57bbb727cceb94d23941e280ef8bc1b9ff5fbd9cbf5c3a506c6f9763939ef146617a5a9c5ceee7b2aa2d872b5a441308f25ff30f6ca300c0467757565e9f93cf1d529238325caa1613004048a4f267fe0200f4877f432c03006d2c9a59ce30820f4f5968da0255f64ad67cb5b9e82f8cf97ae738a9223926ef2d496092eef2e6ceaabd5eea5cb962e9ecd933fb969477921f68449bc7b3f23ee6e42fbef8f29d77ffe18dc29123d20617ea43e9cf953ec96330180c063354c8647eefbcb369cce851ce1f6d8cb06c77c3bd598173c65f4b0178e1e2a5175e586db7bbbfb2fa5f0819f9d481a3d3be99f9f8ce16af4e337c95ff4f062f84304388dc3f7062f2f5792597483ebe83d40000cdc1bad8c59b36bf0100dddddd4b972ecfcb1b2b9148de7efb3d9aa62b2bcb0075f49ca4000003ee4944415460d5aad5746d82ab708098ff520a6bf6d1368ff155177fe79bc66df7425f2f00cb4f9f5d961c8f1af1b42a6292abb02f48dffc63d3951d0ec6e47d136f18984409993779ac0799f334ffa677fb7f0068d31922c2835c56492f83d408ca5220aaedce0b001d1d5dde779511d0e22ae68d44699a8c402c63fbfb2bbd559576f4529d6ffb7f00e8acdc2d0d480c4e9c9534e94047c53653c351cede010022597848fc43ca8c6780929aea0e7bbfff0780f7dedf1e1f1fd79b1d1000324385bf4fec77d6515272e9fdaddb7dea2a0683c16030b73f767bf7dab51b5f5ef7e29d778e23084226868ffe180fd0e3f487103a7fbee8d5d736e3fd3f0683b97dd8e598fbb4686f16552ea720eed48e9ab2279387679124d9daaa5dbb763d4ddbb3b232b76e7d0700ca34572e9fd165c4a6fe7f7719f31f89e4f4db4467adcb2a2134c971d78abe25fdae2271aca5b1f85d43d0b1f8ac45012119bde574574dbde69f56a3cfe9561d08feacb5bf18267d5c21a2064421e511da6fe6ded433de2728edeab205070586862a5cd6debf0e00c0e90166e8ec3275791592b697ba6e34b7a2fb49956849a4d899a39043b047c77da075386ec8c9447b690363ad0bcf5c1c3e7c79f8f0e5024f030049c90140e0e90e5fceff9d701cb762e59a65cf2d7af8e119ce1b017de179fef0e1a3ef6fddcef3dec62deceab2060579eb3167327934416130180c06738b31188c6bd66ebcffbe490f3c302d35354522110300cb3aaaaaaa8f1d3b7ee2db53346d1f540906d30b5e08618616840467c2ef5e6824dfea7866a2706eb6e8c8f391ccd2798f2cdefd796a4ecef1e347fa8a697ebdf2fc9f370c8f9dfaefed2fe6b6c69bb4f1d0a68190040070b7ff0700b2b316182b0080b1de5972ed22405f088254c64e894c7e0400b43507f54d27bdea817b5224e42c8578bc8c8a169100d0c2096769eeb085ab616f446d58a842a90c96c9a403f3ec2084ec76b6a3c3d869f41095621032e4e4863831006c687454d037eb042792862ae267f847e449e49100c0d25a9beeacb9f138c774deb0cec4c4f819337e3f3677b45aad0280b6365d51f18563c74ed4d535dc646f31180c0683b9cd21082230d03f38382852ad02006d9bce683459adb44f097131180c666809528467abeff197065f670570a2240c4f747fe1d7655f6e4b4fcc4f9b33e70f69e9a90070b5a272dfbe03bf9e6d4f8f1def394407e6bf0a84041b63d2b4fd6832fb90e8cd4b5c9b0030180c0683c16030180c06e325aa904411258a0bce1293ae2397f5c2f18eb6ce5a0b6d0000853c4c1d964491f8fe3fa61f0ea1bbc1a4e1794e67ac1b72e5d80480c16030180c0683c1603037054990e1c1710c6f63791c910473b348283f29e5df616a146ece19df25ff073d71e1f23b3367610000000049454e44ae426082);
INSERT INTO `student_applications` (`id`, `user_id`, `adviser_id`, `school_year`, `semester`, `status`, `rejection_reason`, `total_rating`, `created_at`, `updated_at`, `dean_lister_period_id`, `image_proof`) VALUES
(2, 2, 1, '2024-2025', '2nd', 'Approved', NULL, 1.60, '2024-12-14 21:59:37', '2024-12-25 01:49:29', 2, NULL),
(3, 3, 1, '2023-2024', '1st', 'Approved', NULL, 1.70, '2023-12-14 21:59:37', '2024-12-25 01:49:29', 3, NULL),
(4, 7, 1, '2023-2024', '2nd', 'Approved', NULL, 1.80, '2023-12-14 21:59:37', '2024-12-25 01:49:29', 4, NULL),
(5, 8, 1, '2024-2025', '1st', 'Approved', NULL, 1.90, '2024-12-14 21:59:37', '2024-12-25 01:49:29', 1, NULL),
(6, 9, 1, '2024-2025', '2nd', 'Approved', NULL, 1.85, '2024-12-14 21:59:37', '2024-12-25 01:49:29', 2, NULL),
(7, 10, 1, '2023-2024', '1st', 'Approved', NULL, 1.95, '2023-12-14 21:59:37', '2024-12-25 01:49:29', 3, NULL),
(8, 11, 1, '2023-2024', '2nd', 'Approved', NULL, 1.75, '2023-12-14 21:59:37', '2024-12-25 01:49:29', 4, NULL),
(9, 12, 1, '2023-2024', '1st', 'Approved', NULL, 1.85, '2023-12-14 21:59:37', '2024-12-25 01:49:29', 3, NULL),
(10, 13, 2, '2024-2025', '2nd', 'Approved', NULL, 1.60, '2024-12-14 21:59:37', '2024-12-25 01:49:29', 2, NULL),
(11, 14, 2, '2023-2024', '1st', 'Approved', NULL, 1.70, '2023-12-14 21:59:37', '2024-12-25 01:49:29', 3, NULL),
(12, 15, 2, '2023-2024', '2nd', 'Approved', NULL, 1.80, '2023-12-14 21:59:37', '2024-12-25 01:49:29', 4, NULL),
(13, 16, 2, '2024-2025', '1st', 'Approved', NULL, 1.90, '2024-12-14 21:59:37', '2024-12-25 01:49:29', 1, NULL),
(14, 17, 2, '2024-2025', '2nd', 'Approved', NULL, 1.85, '2024-12-14 21:59:37', '2024-12-25 01:49:29', 2, NULL),
(15, 18, 2, '2023-2024', '1st', 'Approved', NULL, 1.75, '2023-12-14 21:59:37', '2024-12-25 01:49:29', 3, NULL),
(16, 19, 2, '2023-2024', '2nd', 'Approved', NULL, 1.80, '2023-12-14 21:59:37', '2024-12-25 01:49:29', 4, NULL),
(17, 20, 2, '2023-2024', '1st', 'Approved', NULL, 1.90, '2023-12-14 21:59:37', '2024-12-25 01:49:29', 1, NULL),
(18, 21, 2, '2023-2024', '2nd', 'Approved', NULL, 1.85, '2023-12-14 21:59:37', '2024-12-25 01:49:29', 2, NULL),
(19, 22, 2, '2023-2024', '1st', 'Approved', NULL, 1.95, '2023-12-14 21:59:37', '2024-12-25 01:49:29', 3, NULL),
(20, 23, 2, '2023-2024', '2nd', 'Approved', NULL, 1.85, '2023-12-14 21:59:37', '2024-12-25 01:49:29', 4, NULL),
(21, 24, 2, '2023-2024', '1st', 'Approved', NULL, 1.75, '2023-12-14 21:59:37', '2024-12-25 01:49:29', 1, NULL),
(22, 25, 3, '2024-2025', '2nd', 'Approved', NULL, 1.60, '2024-12-14 21:59:37', '2024-12-25 01:49:29', 2, NULL),
(23, 26, 3, '2023-2024', '1st', 'Approved', NULL, 1.70, '2023-12-14 21:59:37', '2024-12-25 01:49:29', 3, NULL),
(24, 27, 3, '2023-2024', '2nd', 'Approved', NULL, 1.80, '2023-12-14 21:59:37', '2024-12-25 01:49:29', 4, NULL),
(25, 28, 3, '2023-2024', '1st', 'Approved', NULL, 1.85, '2024-12-14 21:59:37', '2024-12-25 01:49:29', 3, NULL),
(26, 29, 3, '2024-2025', '2nd', 'Approved', NULL, 1.75, '2024-12-14 21:59:37', '2024-12-25 01:49:29', 2, NULL),
(27, 30, 3, '2023-2024', '2nd', 'Approved', NULL, 1.95, '2023-12-14 21:59:37', '2024-12-25 01:49:29', 4, NULL),
(31, 4, 1, '2024-2025', '1st', 'Approved', NULL, 1.65, '2024-12-14 21:59:37', '2024-12-25 01:49:29', 1, NULL),
(32, 5, 1, '2024-2025', '2nd', 'Approved', NULL, 1.75, '2024-12-14 21:59:37', '2024-12-25 01:49:29', 2, NULL),
(33, 6, 1, '2023-2024', '1st', 'Approved', NULL, 1.80, '2023-12-14 21:59:37', '2024-12-25 01:49:29', 3, NULL);

-- --------------------------------------------------------

--
-- Table structure for table `user`
--

CREATE TABLE `user` (
  `id` int(11) NOT NULL,
  `identifier` varchar(20) NOT NULL COMMENT 'Unique identifier for user (e.g., Student Number)',
  `firstname` varchar(100) NOT NULL,
  `middlename` varchar(100) DEFAULT NULL,
  `lastname` varchar(100) NOT NULL,
  `email` varchar(100) NOT NULL,
  `curriculum_id` int(11) DEFAULT NULL COMMENT 'FK to curriculum table for students',
  `department_id` int(11) DEFAULT NULL COMMENT 'FK to department table for staff/advisers',
  `created_at` timestamp NOT NULL DEFAULT current_timestamp()
) ENGINE=InnoDB DEFAULT CHARSET=utf8mb4 COLLATE=utf8mb4_general_ci;

--
-- Dumping data for table `user`
--

INSERT INTO `user` (`id`, `identifier`, `firstname`, `middlename`, `lastname`, `email`, `curriculum_id`, `department_id`, `created_at`) VALUES
(1, '202400001', 'John', 'A.', 'Doe', 'hz202400001@wmsu.edu.ph', 4, 1, '2024-12-15 05:59:37'),
(2, '202400002', 'Jane', 'B.', 'Smith', 'hz202400002@wmsu.edu.ph', 4, 1, '2024-12-15 05:59:37'),
(3, '202400003', 'Alex', 'C.', 'Johnson', 'hz202400003@wmsu.edu.ph', 4, 1, '2024-12-15 05:59:37'),
(4, '202300004', 'Emily', 'D.', 'Brown', 'hz202300004@wmsu.edu.ph', 4, 1, '2024-12-15 05:59:37'),
(5, '202300005', 'Chris', 'E.', 'Davis', 'hz202300005@wmsu.edu.ph', 4, 1, '2024-12-15 05:59:37'),
(6, '202300006', 'Olivia', 'F.', 'Miller', 'hz202300006@wmsu.edu.ph', 4, 1, '2024-12-15 05:59:37'),
(7, '202200007', 'Liam', 'G.', 'Wilson', 'hz202200007@wmsu.edu.ph', 1, 1, '2024-12-15 05:59:37'),
(8, '202200008', 'Sophia', 'H.', 'Moore', 'hz202200008@wmsu.edu.ph', 1, 1, '2024-12-15 05:59:37'),
(9, '202200009', 'Noah', 'I.', 'Taylor', 'hz202200009@wmsu.edu.ph', 1, 1, '2024-12-15 05:59:37'),
(10, '202100010', 'Ava', 'J.', 'Anderson', 'hz202100010@wmsu.edu.ph', 1, 1, '2024-12-15 05:59:37'),
(11, '202100011', 'Ethan', 'K.', 'Martinez', 'hz202100011@wmsu.edu.ph', 1, 1, '2024-12-15 05:59:37'),
(12, '202100012', 'Mia', 'L.', 'Hernandez', 'hz202100012@wmsu.edu.ph', 1, 1, '2024-12-15 05:59:37'),
(13, '202400013', 'Jacob', 'M.', 'Lee', 'hz202400013@wmsu.edu.ph', 5, 2, '2024-12-15 05:59:37'),
(14, '202400014', 'Zoe', 'N.', 'Clark', 'hz202400014@wmsu.edu.ph', 5, 2, '2024-12-15 05:59:37'),
(15, '202400015', 'Luke', 'O.', 'Lewis', 'hz202400015@wmsu.edu.ph', 5, 2, '2024-12-15 05:59:37'),
(16, '202300016', 'Ella', 'P.', 'Walker', 'hz202300016@wmsu.edu.ph', 5, 2, '2024-12-15 05:59:37'),
(17, '202300017', 'James', 'Q.', 'Hall', 'hz202300017@wmsu.edu.ph', 5, 2, '2024-12-15 05:59:37'),
(18, '202300018', 'Luna', 'R.', 'Allen', 'hz202300018@wmsu.edu.ph', 5, 2, '2024-12-15 05:59:37'),
(19, '202200019', 'Logan', 'S.', 'King', 'hz202200019@wmsu.edu.ph', 2, 2, '2024-12-15 05:59:37'),
(20, '202200020', 'Riley', 'T.', 'Wright', 'hz202200020@wmsu.edu.ph', 2, 2, '2024-12-15 05:59:37'),
(21, '202200021', 'Carter', 'U.', 'Hill', 'hz202200021@wmsu.edu.ph', 2, 2, '2024-12-15 05:59:37'),
(22, '202100022', 'Aria', 'V.', 'Scott', 'hz202100022@wmsu.edu.ph', 2, 2, '2024-12-15 05:59:37'),
(23, '202100023', 'Levi', 'W.', 'Green', 'hz202100023@wmsu.edu.ph', 2, 2, '2024-12-15 05:59:37'),
(24, '202100024', 'Nora', 'X.', 'Adams', 'hz202100024@wmsu.edu.ph', 2, 2, '2024-12-15 05:59:37'),
(25, '202400025', 'Daniel', 'Y.', 'Baker', 'hz202400025@wmsu.edu.ph', 6, 3, '2024-12-15 05:59:37'),
(26, '202400026', 'Abigail', 'Z.', 'Gonzalez', 'hz202400026@wmsu.edu.ph', 6, 3, '2024-12-15 05:59:37'),
(27, '202400027', 'Jackson', 'AA.', 'Nelson', 'hz202400027@wmsu.edu.ph', 6, 3, '2024-12-15 05:59:37'),
(28, '202300028', 'Charlotte', 'BB.', 'Carter', 'hz202300028@wmsu.edu.ph', 6, 3, '2024-12-15 05:59:37'),
(29, '202300029', 'Elijah', 'CC.', 'Mitchell', 'hz202300029@wmsu.edu.ph', 6, 3, '2024-12-15 05:59:37'),
(30, '202300030', 'Scarlett', 'DD.', 'Perez', 'hz202300030@wmsu.edu.ph', 6, 3, '2024-12-15 05:59:37'),
(31, '000000001', 'Michael', 'A.', 'Carter', 'staff1@wmsu.edu.ph', NULL, 1, '2024-12-21 05:59:37'),
(32, '000000002', 'Sarah', 'B.', 'Evans', 'staff2@wmsu.edu.ph', NULL, 1, '2024-12-21 05:59:37'),
(33, '000000003', 'David', 'C.', 'Martin', 'staff3@wmsu.edu.ph', NULL, 1, '2024-12-21 05:59:37'),
(34, '000000004', 'Jessica', 'D.', 'Garcia', 'staff4@wmsu.edu.ph', NULL, 2, '2024-12-21 05:59:37'),
(35, '000000005', 'James', 'E.', 'Roberts', 'staff5@wmsu.edu.ph', NULL, 2, '2024-12-21 05:59:37'),
(36, '000000006', 'Emma', 'F.', 'Moore', 'staff6@wmsu.edu.ph', NULL, 2, '2024-12-21 05:59:37'),
(37, '000000007', 'Oliver', 'G.', 'Clark', 'staff7@wmsu.edu.ph', NULL, 3, '2024-12-21 05:59:37'),
(38, '000000008', 'Sophia', 'H.', 'Lewis', 'staff8@wmsu.edu.ph', NULL, 3, '2024-12-21 05:59:37'),
(39, '000000009', 'Benjamin', 'I.', 'Walker', 'staff9@wmsu.edu.ph', NULL, 3, '2024-12-21 05:59:37'),
(40, '000000010', 'Lucas', 'J.', 'Adams', 'admin1@wmsu.edu.ph', NULL, 1, '2024-12-21 05:59:37'),
(41, '000000011', 'Mia', 'K.', 'Perez', 'admin2@wmsu.edu.ph', NULL, 2, '2024-12-21 05:59:37'),
(42, '000000012', 'Ethan', 'L.', 'Hill', 'admin3@wmsu.edu.ph', NULL, 3, '2024-12-21 05:59:37');

--
-- Indexes for dumped tables
--

--
-- Indexes for table `account`
--
ALTER TABLE `account`
  ADD PRIMARY KEY (`id`),
  ADD UNIQUE KEY `username` (`username`),
  ADD KEY `user_id` (`user_id`),
  ADD KEY `role_id` (`role_id`);

--
-- Indexes for table `adviser`
--
ALTER TABLE `adviser`
  ADD PRIMARY KEY (`adviser_id`),
  ADD KEY `user_id` (`user_id`),
  ADD KEY `department_id` (`department_id`);

--
-- Indexes for table `audit_logs`
--
ALTER TABLE `audit_logs`
  ADD PRIMARY KEY (`id`),
  ADD KEY `user_id` (`user_id`),
  ADD KEY `role_id` (`role_id`);

--
-- Indexes for table `course`
--
ALTER TABLE `course`
  ADD PRIMARY KEY (`id`),
  ADD UNIQUE KEY `course_name` (`course_name`);

--
-- Indexes for table `curriculum`
--
ALTER TABLE `curriculum`
  ADD PRIMARY KEY (`id`),
  ADD UNIQUE KEY `course_id` (`course_id`,`version`);

--
-- Indexes for table `dean_lister_application_periods`
--
ALTER TABLE `dean_lister_application_periods`
  ADD PRIMARY KEY (`id`),
  ADD UNIQUE KEY `year` (`year`,`semester`);

--
-- Indexes for table `department`
--
ALTER TABLE `department`
  ADD PRIMARY KEY (`id`);

--
-- Indexes for table `prospectus`
--
ALTER TABLE `prospectus`
  ADD PRIMARY KEY (`id`),
  ADD UNIQUE KEY `curriculum_id` (`curriculum_id`,`subject_code`,`year_level`,`semester`);

--
-- Indexes for table `rating`
--
ALTER TABLE `rating`
  ADD PRIMARY KEY (`id`),
  ADD KEY `user_id` (`user_id`),
  ADD KEY `subject_id` (`subject_id`),
  ADD KEY `application_id` (`application_id`);

--
-- Indexes for table `role`
--
ALTER TABLE `role`
  ADD PRIMARY KEY (`id`);

--
-- Indexes for table `student_applications`
--
ALTER TABLE `student_applications`
  ADD PRIMARY KEY (`id`),
  ADD UNIQUE KEY `user_id` (`user_id`,`school_year`,`semester`),
  ADD KEY `adviser_id` (`adviser_id`),
  ADD KEY `dean_lister_period_id` (`dean_lister_period_id`);

--
-- Indexes for table `user`
--
ALTER TABLE `user`
  ADD PRIMARY KEY (`id`),
  ADD UNIQUE KEY `email` (`email`),
  ADD KEY `curriculum_id` (`curriculum_id`),
  ADD KEY `department_id` (`department_id`);

--
-- AUTO_INCREMENT for dumped tables
--

--
-- AUTO_INCREMENT for table `account`
--
ALTER TABLE `account`
  MODIFY `id` int(11) NOT NULL AUTO_INCREMENT, AUTO_INCREMENT=43;

--
-- AUTO_INCREMENT for table `adviser`
--
ALTER TABLE `adviser`
  MODIFY `adviser_id` int(11) NOT NULL AUTO_INCREMENT, AUTO_INCREMENT=11;

--
-- AUTO_INCREMENT for table `audit_logs`
--
ALTER TABLE `audit_logs`
  MODIFY `id` int(11) NOT NULL AUTO_INCREMENT, AUTO_INCREMENT=11;

--
-- AUTO_INCREMENT for table `course`
--
ALTER TABLE `course`
  MODIFY `id` int(11) NOT NULL AUTO_INCREMENT, AUTO_INCREMENT=4;

--
-- AUTO_INCREMENT for table `curriculum`
--
ALTER TABLE `curriculum`
  MODIFY `id` int(11) NOT NULL AUTO_INCREMENT, AUTO_INCREMENT=11;

--
-- AUTO_INCREMENT for table `dean_lister_application_periods`
--
ALTER TABLE `dean_lister_application_periods`
  MODIFY `id` int(11) NOT NULL AUTO_INCREMENT, AUTO_INCREMENT=11;

--
-- AUTO_INCREMENT for table `department`
--
ALTER TABLE `department`
  MODIFY `id` int(11) NOT NULL AUTO_INCREMENT, AUTO_INCREMENT=4;

--
-- AUTO_INCREMENT for table `prospectus`
--
ALTER TABLE `prospectus`
  MODIFY `id` int(11) NOT NULL AUTO_INCREMENT, AUTO_INCREMENT=177;

--
-- AUTO_INCREMENT for table `rating`
--
ALTER TABLE `rating`
  MODIFY `id` int(11) NOT NULL AUTO_INCREMENT, AUTO_INCREMENT=51;

--
-- AUTO_INCREMENT for table `role`
--
ALTER TABLE `role`
  MODIFY `id` int(11) NOT NULL AUTO_INCREMENT, AUTO_INCREMENT=4;

--
-- AUTO_INCREMENT for table `student_applications`
--
ALTER TABLE `student_applications`
  MODIFY `id` int(11) NOT NULL AUTO_INCREMENT, AUTO_INCREMENT=49;

--
-- AUTO_INCREMENT for table `user`
--
ALTER TABLE `user`
  MODIFY `id` int(11) NOT NULL AUTO_INCREMENT, AUTO_INCREMENT=43;

--
-- Constraints for dumped tables
--

--
-- Constraints for table `account`
--
ALTER TABLE `account`
  ADD CONSTRAINT `account_ibfk_1` FOREIGN KEY (`user_id`) REFERENCES `user` (`id`) ON DELETE CASCADE,
  ADD CONSTRAINT `account_ibfk_2` FOREIGN KEY (`role_id`) REFERENCES `role` (`id`) ON DELETE CASCADE;

--
-- Constraints for table `adviser`
--
ALTER TABLE `adviser`
  ADD CONSTRAINT `adviser_ibfk_1` FOREIGN KEY (`user_id`) REFERENCES `user` (`id`) ON DELETE CASCADE,
  ADD CONSTRAINT `adviser_ibfk_2` FOREIGN KEY (`department_id`) REFERENCES `department` (`id`) ON DELETE CASCADE;

--
-- Constraints for table `audit_logs`
--
ALTER TABLE `audit_logs`
  ADD CONSTRAINT `audit_logs_ibfk_1` FOREIGN KEY (`user_id`) REFERENCES `user` (`id`) ON DELETE CASCADE,
  ADD CONSTRAINT `audit_logs_ibfk_2` FOREIGN KEY (`role_id`) REFERENCES `role` (`id`) ON DELETE CASCADE;

--
-- Constraints for table `curriculum`
--
ALTER TABLE `curriculum`
  ADD CONSTRAINT `curriculum_ibfk_1` FOREIGN KEY (`course_id`) REFERENCES `course` (`id`) ON DELETE CASCADE;

--
-- Constraints for table `prospectus`
--
ALTER TABLE `prospectus`
  ADD CONSTRAINT `prospectus_ibfk_1` FOREIGN KEY (`curriculum_id`) REFERENCES `curriculum` (`id`) ON DELETE CASCADE ON UPDATE CASCADE;

--
-- Constraints for table `rating`
--
ALTER TABLE `rating`
  ADD CONSTRAINT `rating_ibfk_1` FOREIGN KEY (`user_id`) REFERENCES `user` (`id`) ON DELETE CASCADE,
  ADD CONSTRAINT `rating_ibfk_2` FOREIGN KEY (`subject_id`) REFERENCES `prospectus` (`id`) ON DELETE CASCADE,
  ADD CONSTRAINT `rating_ibfk_3` FOREIGN KEY (`application_id`) REFERENCES `student_applications` (`id`) ON DELETE CASCADE;

--
-- Constraints for table `student_applications`
--
ALTER TABLE `student_applications`
  ADD CONSTRAINT `student_applications_ibfk_2` FOREIGN KEY (`dean_lister_period_id`) REFERENCES `dean_lister_application_periods` (`id`) ON DELETE CASCADE ON UPDATE CASCADE,
  ADD CONSTRAINT `student_applications_ibfk_3` FOREIGN KEY (`user_id`) REFERENCES `user` (`id`) ON DELETE CASCADE ON UPDATE CASCADE,
  ADD CONSTRAINT `student_applications_ibfk_4` FOREIGN KEY (`adviser_id`) REFERENCES `adviser` (`adviser_id`) ON DELETE CASCADE ON UPDATE CASCADE;

--
-- Constraints for table `user`
--
ALTER TABLE `user`
  ADD CONSTRAINT `user_ibfk_1` FOREIGN KEY (`curriculum_id`) REFERENCES `curriculum` (`id`) ON DELETE SET NULL,
  ADD CONSTRAINT `user_ibfk_2` FOREIGN KEY (`department_id`) REFERENCES `department` (`id`) ON DELETE SET NULL;
COMMIT;

/*!40101 SET CHARACTER_SET_CLIENT=@OLD_CHARACTER_SET_CLIENT */;
/*!40101 SET CHARACTER_SET_RESULTS=@OLD_CHARACTER_SET_RESULTS */;
/*!40101 SET COLLATION_CONNECTION=@OLD_COLLATION_CONNECTION */;
